kreiskey1888,county,rb,edu1886_con_pro,edu1886_con_cat,edu1886_con_jew,edu1886_rel_emp_m_pro,edu1886_rel_emp_m_cat,edu1886_rel_emp_m_ocr,edu1886_rel_emp_m_jew,edu1886_rel_emp_f_pro,edu1886_rel_emp_f_cat,edu1886_rel_emp_f_ocr,edu1886_rel_emp_f_jew,edu1886_rel_sup_m_pro,edu1886_rel_sup_m_cat,edu1886_rel_sup_m_ocr,edu1886_rel_sup_m_jew,edu1886_rel_sup_f_pro,edu1886_rel_sup_f_cat,edu1886_rel_sup_f_ocr,edu1886_rel_sup_f_jew,edu1886_pro_tea_emp,edu1886_pro_tea_sup,edu1886_cat_tea_emp,edu1886_cat_tea_sup,edu1886_ocr_tea_emp,edu1886_ocr_tea_sup,edu1886_jew_tea_emp,edu1886_jew_tea_sup,edu1886_mix_tea_emp_tot,edu1886_mix_tea_emp_pro,edu1886_mix_tea_emp_cat,edu1886_mix_tea_emp_ocr,edu1886_mix_tea_emp_jew,edu1886_mix_tea_sup
1,"MEMEL","KON",4,0,0,80,5,0,0,9,0,0,0,1,0,0,0,0,0,0,0,84,1,4,0,0,0,0,0,6,5,1,0,0,0
2,"FISCHHAUSEN","KON",15,0,0,110,0,0,0,2,0,0,0,1,0,0,0,2,0,0,0,112,3,0,0,0,0,0,0,0,0,0,0,0,0
3,"KONIGSBERG","KON",2,1,0,169,2,0,0,54,2,0,0,0,0,0,0,0,0,0,0,223,0,4,0,0,0,0,0,0,0,0,0,0,0
4,"KONIGSBERG","KON",19,0,0,123,0,0,0,4,0,0,0,1,0,0,0,0,0,0,0,127,1,0,0,0,0,0,0,0,0,0,0,0,0
5,"LABIAU","KON",7,0,0,100,0,0,0,0,0,0,0,0,0,0,0,0,0,0,0,100,0,0,0,0,0,0,0,0,0,0,0,0,0
6,"WEHLAU","KON",12,0,0,112,0,0,0,1,0,0,0,0,0,0,0,0,0,0,0,113,0,0,0,0,0,0,0,0,0,0,0,0,0
7,"GERDAUEN","KON",14,0,0,98,0,0,0,2,0,0,0,0,0,0,0,0,0,0,0,100,0,0,0,0,0,0,0,0,0,0,0,0,0
8,"RASTENBURG","KON",14,1,0,103,2,0,0,1,0,0,0,0,0,0,0,0,0,0,0,104,0,2,0,0,0,0,0,0,0,0,0,0,0
9,"FRIEDLAND","KON",15,0,0,99,0,0,0,0,0,0,0,0,0,0,0,0,0,0,0,99,0,0,0,0,0,0,0,0,0,0,0,0,0
10,"PREUSSISCH EYLAU","KON",23,0,0,142,0,0,0,0,0,0,0,0,0,0,0,0,0,0,0,142,0,0,0,0,0,0,0,0,0,0,0,0,0
11,"HEILIGENBEIL","KON",18,0,0,110,0,0,0,2,0,0,0,0,0,0,0,0,0,0,0,112,0,0,0,0,0,0,0,0,0,0,0,0,0
12,"BRAUNSBERG","KON",5,27,0,11,112,0,0,2,14,0,0,2,0,0,0,0,0,0,0,12,0,120,2,0,0,0,0,7,1,6,0,0,0
13,"HEILSBERG","KON",2,23,0,10,123,0,0,0,12,0,0,0,0,0,0,0,0,0,0,9,0,134,0,0,0,0,0,2,1,1,0,0,0
14,"ROSSEL","KON",4,15,0,14,106,0,0,1,7,0,0,5,1,0,0,0,0,0,0,14,2,112,4,0,0,0,0,2,1,1,0,0,0
15,"ALLENSTEIN","KON",2,21,0,7,143,0,0,0,9,0,0,13,0,0,0,0,0,0,0,3,0,136,13,0,0,0,0,20,4,16,0,0,0
16,"ORTELSBURG","KON",16,3,0,167,8,0,0,1,0,0,0,0,1,0,1,0,0,0,0,167,2,7,0,0,0,0,0,2,1,1,0,0,0
17,"NEIDENBURG","KON",20,5,0,132,8,0,0,0,0,0,0,0,1,0,0,0,0,0,0,132,1,8,0,0,0,0,0,0,0,0,0,0,0
18,"OSTERODE","KON",28,0,0,171,6,0,0,1,0,0,0,0,3,0,0,0,0,0,0,164,3,3,0,0,0,0,0,11,8,3,0,0,0
19,"MOHRUNGEN","KON",22,1,0,143,1,0,0,3,0,0,0,0,0,0,0,0,0,0,0,146,0,1,0,0,0,0,0,0,0,0,0,0,0
20,"PREUSSISCH HOLLAND","KON",26,2,0,124,2,0,0,0,0,0,0,1,0,0,0,0,0,0,0,118,0,1,0,0,0,0,0,7,6,1,0,0,1
21,"HEYDEKRUG","GUM",8,2,0,84,2,0,0,2,0,0,0,0,0,0,0,0,0,0,0,86,0,2,0,0,0,0,0,0,0,0,0,0,0
22,"NIEDERUNG","GUM",7,0,0,97,0,0,0,3,0,0,0,0,0,0,0,0,0,0,0,100,0,0,0,0,0,0,0,0,0,0,0,0,0
23,"TILSIT","GUM",6,1,0,106,1,0,0,14,0,0,0,0,0,0,0,0,0,0,0,120,0,1,0,0,0,0,0,0,0,0,0,0,0
24,"RAGNIT","GUM",8,0,0,114,0,0,0,1,0,0,0,0,0,0,0,0,0,0,0,115,0,0,0,0,0,0,0,0,0,0,0,0,0
25,"PILLKALLEN","GUM",8,0,0,109,0,0,0,3,0,0,0,0,0,0,0,0,0,0,0,112,0,0,0,0,0,0,0,0,0,0,0,0,0
26,"STALLUPONEN","GUM",6,0,0,112,0,0,0,1,0,0,0,0,0,0,0,0,0,0,0,113,0,0,0,0,0,0,0,0,0,0,0,0,0
27,"GUMBINNEN","GUM",7,0,0,109,0,0,0,2,0,0,0,0,0,0,0,0,0,0,0,111,0,0,0,0,0,0,0,0,0,0,0,0,0
28,"INSTERBURG","GUM",13,0,0,136,0,0,0,4,0,0,0,3,0,0,0,1,0,0,0,140,4,0,0,0,0,0,0,0,0,0,0,0,0
29,"DARKEHMEN","GUM",9,0,0,86,0,0,0,2,0,0,0,0,0,0,0,0,0,0,0,88,0,0,0,0,0,0,0,0,0,0,0,0,0
30,"ANGERBURG","GUM",7,0,0,90,0,0,0,1,0,0,0,0,0,0,0,0,0,0,0,91,0,0,0,0,0,0,0,0,0,0,0,0,0
31,"GOLDAP","GUM",7,0,0,109,0,0,0,1,0,0,0,0,0,0,0,0,0,0,0,110,0,0,0,0,0,0,0,0,0,0,0,0,0
32,"OLETZKO","GUM",4,0,0,109,0,0,0,1,0,0,0,0,1,0,0,0,0,0,0,110,1,0,0,0,0,0,0,0,0,0,0,0,0
33,"LYCK","GUM",8,0,0,114,0,0,0,1,0,0,0,0,0,0,0,0,0,0,0,115,0,0,0,0,0,0,0,0,0,0,0,0,0
34,"LOTZEN","GUM",9,0,0,97,1,0,0,1,0,0,0,1,0,0,0,1,0,0,0,97,2,0,0,0,0,0,0,2,1,1,0,0,0
35,"SENSBURG","GUM",9,0,0,110,2,0,0,0,0,0,0,0,0,0,0,0,0,0,0,106,0,0,0,0,0,0,0,6,4,2,0,0,0
36,"JOHANNISBURG","GUM",10,0,0,120,0,0,0,0,0,0,0,0,0,0,0,0,0,0,0,120,0,0,0,0,0,0,0,0,0,0,0,0,0
37,"ELBING","DAN",3,1,0,55,10,0,0,8,0,0,0,0,0,0,0,0,0,0,0,37,0,5,0,0,0,0,0,31,26,5,0,0,0
38,"ELBING","DAN",10,3,0,80,12,0,0,1,4,0,0,0,4,0,0,0,0,0,0,81,4,16,0,0,0,0,0,0,0,0,0,0,0
39,"MARIENBURG","DAN",29,13,0,112,39,1,0,3,1,0,0,1,30,0,0,0,0,0,0,110,30,34,1,0,0,0,0,12,6,6,0,0,0
40,"DANZIG","DAN",0,0,0,70,44,0,1,58,22,0,1,0,0,0,0,2,1,0,0,5,1,4,1,0,0,0,0,187,123,62,0,2,1
41,"DANZIG NIEDERUNG","DAN",18,3,0,73,4,0,0,1,0,0,0,0,17,0,0,0,0,0,0,71,17,2,0,0,0,0,0,5,3,2,0,0,0
42,"DANZIG HOHE","DAN",7,5,0,48,35,0,0,3,3,0,0,6,22,0,0,0,0,0,0,42,22,28,6,0,0,0,0,19,9,10,0,0,0
43,"DIRSCHAU","DAN",4,6,0,37,42,0,0,3,2,0,0,10,14,0,0,0,0,0,0,24,14,27,9,0,0,0,0,33,16,17,0,0,1
44,"PREUSSISCH STARGARD","DAN",2,4,0,32,73,0,1,3,2,0,0,2,4,0,0,0,0,0,0,20,3,59,2,0,0,0,0,32,15,16,0,1,1
45,"BERENT","DAN",5,2,0,57,51,0,0,0,0,0,0,6,11,0,1,0,0,0,0,45,11,40,6,0,0,0,0,23,12,11,0,0,1
46,"KARTHAUS","DAN",6,6,0,42,72,0,0,1,1,0,0,17,11,0,0,0,0,0,0,32,11,59,17,0,0,0,0,25,11,14,0,0,0
47,"NEUSTADT","DAN",6,6,0,30,54,0,0,1,2,0,0,0,7,0,0,0,0,0,0,18,6,42,1,0,0,0,0,27,13,14,0,0,0
48,"PUTZIG","DAN",2,6,0,14,47,0,0,0,1,0,0,7,0,0,0,0,0,0,0,13,0,47,7,0,0,0,0,2,1,1,0,0,0
49,"STUHM","MAR",7,7,0,43,50,0,0,0,0,0,0,0,1,0,0,0,0,0,0,36,0,44,0,0,0,0,0,13,7,6,0,0,0
50,"MARIENWERDER","MAR",9,11,0,91,45,0,0,4,0,0,0,6,23,0,0,0,0,0,0,79,23,36,6,0,0,0,0,25,16,9,0,0,0
51,"ROSENBERG","MAR",20,3,0,112,6,0,0,1,0,0,0,0,3,0,0,0,0,0,0,110,3,4,0,0,0,0,0,5,3,2,0,0,0
52,"LOBAU","MAR",0,2,0,18,98,0,3,0,0,0,0,0,0,0,0,0,0,0,0,12,0,91,0,0,0,0,0,16,6,7,0,3,0
53,"STRASBURG","MAR",0,3,0,30,65,0,1,1,0,0,0,6,7,0,0,0,0,0,0,17,6,50,7,0,0,0,0,30,14,15,0,1,0
54,"BRIESEN","MAR",4,6,0,31,46,0,4,0,0,0,0,9,5,0,0,0,0,0,0,30,5,43,9,0,0,4,0,4,2,2,0,0,0
55,"THORN","MAR",4,7,1,51,67,0,4,8,0,1,0,6,6,0,0,0,0,0,0,33,7,44,5,0,0,3,0,51,26,24,0,1,0
56,"KULM","MAR",5,2,0,49,39,0,0,3,2,0,0,3,15,0,0,0,0,0,0,34,14,28,4,0,0,0,0,31,14,17,0,0,0
57,"GRAUDENZ","MAR",3,1,0,83,38,0,0,7,1,0,0,5,8,0,0,0,0,0,0,61,8,19,5,0,0,0,0,49,28,21,0,0,0
58,"SCHWETZ","MAR",6,2,0,90,68,1,1,1,1,0,0,5,12,0,0,0,0,0,0,73,12,48,3,1,0,0,0,40,19,20,0,1,3
59,"TUCHEL","MAR",1,2,0,19,47,0,2,0,0,0,0,19,7,0,0,0,0,0,0,9,7,35,19,0,0,0,0,24,10,12,0,2,0
60,"KONITZ","MAR",2,2,0,28,92,0,0,0,1,0,0,3,5,0,0,0,0,0,0,7,5,72,3,0,0,0,0,42,20,22,0,0,0
61,"SCHLOCHAU","MAR",13,7,0,94,64,0,2,1,0,0,0,10,8,0,0,0,0,0,0,63,10,34,8,0,0,1,0,63,36,26,0,1,0
62,"FLATOW","MAR",20,5,0,107,52,0,3,3,0,0,0,0,0,0,0,0,0,0,0,88,0,34,0,0,0,2,0,41,23,17,0,1,0
63,"DEUTSCH KRONE","MAR",51,33,0,95,55,0,3,0,0,0,0,2,4,0,0,0,0,0,0,92,4,51,2,0,0,3,0,7,3,4,0,0,0
64,"BERLIN","BER",1,0,1,1697,94,3,20,754,56,5,35,57,4,4,7,0,0,0,0,1926,46,150,4,10,4,20,8,558,523,0,0,35,10
65,"PRENZLAU","POT",101,1,0,138,1,0,0,11,0,0,0,0,0,0,0,0,0,0,0,149,0,1,0,0,0,0,0,0,0,0,0,0,0
66,"TEMPLIN","POT",81,0,0,122,0,0,0,0,0,0,0,0,0,0,0,0,0,0,0,122,0,0,0,0,0,0,0,0,0,0,0,0,0
67,"ANGERMUNDE","POT",87,1,0,155,1,0,0,3,0,0,0,0,0,0,0,0,0,0,0,158,0,1,0,0,0,0,0,0,0,0,0,0,0
68,"OBERBARNIM","POT",85,1,0,187,2,0,0,2,0,0,0,0,0,0,0,0,0,0,0,189,0,2,0,0,0,0,0,0,0,0,0,0,0
69,"NIEDERBARNIM","POT",120,1,0,281,3,0,0,17,0,0,0,0,0,0,0,0,0,0,0,298,0,3,0,0,0,0,0,0,0,0,0,0,0
70,"CHARLOTTENBURG","POT",0,1,0,44,4,0,0,12,2,0,0,1,0,0,0,0,0,0,0,56,1,6,0,0,0,0,0,0,0,0,0,0,0
71,"TELTOW","POT",96,1,0,291,4,3,0,29,1,0,0,0,1,0,0,0,0,0,0,320,1,5,0,3,0,0,0,0,0,0,0,0,0
72,"BEESKOW-STORKOW","POT",44,0,0,102,0,0,0,1,0,0,0,0,0,0,0,0,0,0,0,103,0,0,0,0,0,0,0,0,0,0,0,0,0
73,"JUTERBOG-LUCKENWALDE","POT",72,1,0,158,1,0,0,1,0,0,0,0,0,0,0,0,0,0,0,159,0,1,0,0,0,0,0,0,0,0,0,0,0
74,"ZAUCH-BELZIG","POT",132,0,0,192,0,0,0,3,0,0,0,0,0,0,0,0,0,0,0,195,0,0,0,0,0,0,0,0,0,0,0,0,0
75,"POTSDAM","POT",0,0,0,59,4,0,0,15,3,0,0,5,0,0,0,4,0,0,0,74,9,7,0,0,0,0,0,0,0,0,0,0,0
76,"SPANDAU","POT",0,0,0,41,4,0,0,13,1,0,0,0,0,0,0,0,0,0,0,54,0,5,0,0,0,0,0,0,0,0,0,0,0
77,"OSTHAVELLAND","POT",84,1,0,137,2,0,0,1,0,0,0,0,0,0,0,0,0,0,0,138,0,2,0,0,0,0,0,0,0,0,0,0,0
78,"BRANDENBURG","POT",0,1,0,36,1,0,0,8,1,0,0,0,0,0,0,0,0,0,0,44,0,2,0,0,0,0,0,0,0,0,0,0,0
79,"WESTHAVELLAND","POT",80,0,0,132,0,0,0,3,0,0,0,0,0,0,0,0,0,0,0,135,0,0,0,0,0,0,0,0,0,0,0,0,0
80,"RUPPIN","POT",121,1,0,203,1,0,0,3,0,0,0,0,0,0,0,0,0,0,0,206,0,1,0,0,0,0,0,0,0,0,0,0,0
81,"OSTPRIGNITZ","POT",126,0,0,175,0,0,0,2,0,0,0,0,0,0,0,0,0,0,0,177,0,0,0,0,0,0,0,0,0,0,0,0,0
82,"WESTPRIGNITZ","POT",104,1,0,187,2,0,0,3,0,0,0,3,0,0,0,0,0,0,0,190,3,2,0,0,0,0,0,0,0,0,0,0,0
83,"KONIGSBERG","FRA",99,0,0,207,0,0,0,6,0,0,0,2,0,0,0,0,0,0,0,213,2,0,0,0,0,0,0,0,0,0,0,0,0
84,"SOLDIN","FRA",65,0,0,110,0,0,0,4,0,0,0,0,0,0,0,0,0,0,0,114,0,0,0,0,0,0,0,0,0,0,0,0,0
85,"ARNSWALDE","FRA",60,0,0,96,0,0,0,1,0,0,0,0,0,0,0,0,0,0,0,97,0,0,0,0,0,0,0,0,0,0,0,0,0
86,"FRIEDEBERG","FRA",66,1,0,130,1,0,0,2,0,0,0,0,0,0,0,0,0,0,0,132,0,1,0,0,0,0,0,0,0,0,0,0,0
87,"LANDSBERG","FRA",81,1,0,157,2,0,0,4,0,0,0,0,0,0,0,0,0,0,0,161,0,2,0,0,0,0,0,0,0,0,0,0,0
88,"LEBUS","FRA",99,0,0,214,0,0,0,1,0,0,0,0,0,0,0,0,0,0,0,215,0,0,0,0,0,0,0,0,0,0,0,0,0
89,"FRANKFURT","FRA",2,0,0,82,6,0,0,13,0,0,0,0,0,0,0,0,0,0,0,95,0,6,0,0,0,0,0,0,0,0,0,0,0
90,"WESTSTERNBERG","FRA",61,0,0,102,0,0,0,4,0,0,0,0,0,0,0,0,0,0,0,106,0,0,0,0,0,0,0,0,0,0,0,0,0
91,"OSTSTERNBERG","FRA",53,0,0,110,0,0,0,1,0,0,0,0,0,0,0,0,0,0,0,111,0,0,0,0,0,0,0,0,0,0,0,0,0
92,"ZULLICHAU-SCHWIEBUS","FRA",30,9,0,91,13,0,0,0,0,0,0,2,1,0,0,0,0,0,0,91,3,13,0,0,0,0,0,0,0,0,0,0,0
93,"KROSSEN","FRA",47,2,0,125,2,0,0,4,0,0,0,0,0,0,0,0,0,0,0,129,0,2,0,0,0,0,0,0,0,0,0,0,0
94,"GUBEN","FRA",1,1,0,58,1,0,0,3,0,0,0,0,0,0,0,0,0,0,0,61,0,1,0,0,0,0,0,0,0,0,0,0,0
95,"GUBEN","FRA",30,4,0,79,6,0,0,0,0,0,0,0,0,0,0,0,0,0,0,79,0,6,0,0,0,0,0,0,0,0,0,0,0
96,"LUBBEN","FRA",29,1,0,74,1,0,0,0,0,0,0,0,0,0,0,0,0,0,0,74,0,1,0,0,0,0,0,0,0,0,0,0,0
97,"LUCKAU","FRA",88,0,0,152,0,0,0,1,0,0,0,0,0,0,0,0,0,0,0,153,0,0,0,0,0,0,0,0,0,0,0,0,0
98,"KALAU","FRA",59,0,0,110,0,0,0,2,0,0,0,0,0,0,0,0,0,0,0,112,0,0,0,0,0,0,0,0,0,0,0,0,0
99,"KOTTBUS","FRA",0,1,0,35,2,0,0,9,0,0,0,1,0,0,0,0,0,0,0,44,1,2,0,0,0,0,0,0,0,0,0,0,0
100,"KOTTBUS","FRA",29,0,0,98,0,0,0,2,0,0,0,0,0,0,0,0,0,0,0,100,0,0,0,0,0,0,0,0,0,0,0,0,0
101,"SORAU","FRA",46,2,0,168,6,0,0,1,0,0,0,0,0,0,0,0,0,0,0,169,0,6,0,0,0,0,0,0,0,0,0,0,0
102,"SPREMBERG","FRA",13,1,0,46,1,0,0,0,0,0,0,0,0,0,0,0,0,0,0,46,0,1,0,0,0,0,0,0,0,0,0,0,0
103,"DEMMIN","STE",71,1,0,142,1,0,0,3,0,0,0,3,0,0,0,0,0,0,0,145,3,1,0,0,0,0,0,0,0,0,0,0,0
104,"ANKLAM","STE",51,0,0,85,0,0,0,1,0,0,0,0,0,0,0,1,0,0,0,86,1,0,0,0,0,0,0,0,0,0,0,0,0
105,"USEDOM-WOLLIN","STE",29,0,0,111,1,0,0,8,0,0,0,0,0,0,0,0,0,0,0,119,0,1,0,0,0,0,0,0,0,0,0,0,0
106,"UCKERMUNDE","STE",39,3,0,109,5,0,0,0,0,0,0,0,0,0,0,0,0,0,0,109,0,5,0,0,0,0,0,0,0,0,0,0,0
107,"RANDOW","STE",98,0,0,230,0,0,0,3,0,0,0,1,0,0,0,0,0,0,0,233,1,0,0,0,0,0,0,0,0,0,0,0,0
108,"STETTIN","STE",0,0,0,164,3,0,0,34,1,0,0,1,0,0,0,0,0,0,0,198,1,4,0,0,0,0,0,0,0,0,0,0,0
109,"GREIFENHAGEN","STE",76,0,0,127,0,0,0,0,0,0,0,0,0,0,0,0,0,0,0,127,0,0,0,0,0,0,0,0,0,0,0,0,0
110,"PYRITZ","STE",88,0,0,104,0,0,0,0,0,0,0,0,0,0,0,0,0,0,0,104,0,0,0,0,0,0,0,0,0,0,0,0,0
111,"SAATZIG","STE",93,1,0,161,1,0,0,11,0,0,0,0,0,0,0,0,0,0,0,172,0,1,0,0,0,0,0,0,0,0,0,0,0
112,"NAUGARD","STE",96,1,0,147,2,0,0,0,0,0,0,1,0,0,0,0,0,0,0,147,1,2,0,0,0,0,0,0,0,0,0,0,0
113,"KAMMIN","STE",46,0,0,130,0,0,0,0,0,0,0,0,0,0,0,0,0,0,0,130,0,0,0,0,0,0,0,0,0,0,0,0,0
114,"GREIFENBERG","STE",35,0,0,112,0,0,0,0,0,0,0,0,0,0,0,0,0,0,0,112,0,0,0,0,0,0,0,0,0,0,0,0,0
115,"REGENWALDE","STE",82,0,0,134,0,0,0,0,0,0,0,0,0,0,0,0,0,0,0,134,0,0,0,0,0,0,0,0,0,0,0,0,0
116,"SCHIVELBEIN","KOS",29,0,0,60,0,0,0,2,0,0,0,0,0,0,0,0,0,0,0,62,0,0,0,0,0,0,0,0,0,0,0,0,0
117,"DRAMBURG","KOS",51,0,0,96,0,0,0,1,0,0,0,0,0,0,0,0,0,0,0,97,0,0,0,0,0,0,0,0,0,0,0,0,0
118,"NEUSTETTIN","KOS",86,0,0,183,1,0,0,4,0,0,0,0,0,0,0,0,0,0,0,177,0,0,0,0,0,0,0,11,10,1,0,0,0
119,"BELGARD","KOS",35,0,0,121,0,0,0,1,0,0,0,1,0,0,0,0,0,0,0,122,1,0,0,0,0,0,0,0,0,0,0,0,0
120,"KOLBERG-KORLIN","KOS",32,1,0,140,1,0,0,3,0,0,0,1,0,0,0,0,0,0,0,143,1,1,0,0,0,0,0,0,0,0,0,0,0
121,"KOSLIN","KOS",25,1,0,133,1,0,0,2,0,0,0,0,0,0,0,0,0,0,0,135,0,1,0,0,0,0,0,0,0,0,0,0,0
122,"BUBLITZ","KOS",19,0,0,62,0,0,0,1,0,0,0,0,0,0,0,1,0,0,0,63,1,0,0,0,0,0,0,0,0,0,0,0,0
123,"SCHLAWE","KOS",57,0,0,205,0,0,0,1,0,0,0,0,0,0,0,0,0,0,0,206,0,0,0,0,0,0,0,0,0,0,0,0,0
124,"RUMMELSBURG","KOS",19,0,0,83,0,0,0,2,0,0,0,0,0,0,0,0,0,0,0,85,0,0,0,0,0,0,0,0,0,0,0,0,0
125,"STOLP","KOS",36,0,0,260,0,0,0,0,0,0,0,1,0,0,0,0,0,0,0,260,1,0,0,0,0,0,0,0,0,0,0,0,0
126,"LAUENBURG","KOS",14,0,0,114,2,0,0,0,0,0,0,0,2,0,0,0,0,0,0,110,2,0,0,0,0,0,0,6,4,2,0,0,0
127,"BUTOW","KOS",9,2,0,53,9,0,0,0,0,0,0,2,10,0,0,0,0,0,0,44,10,8,2,0,0,0,0,10,9,1,0,0,0
128,"RUGEN","STR",35,0,0,126,0,0,0,3,0,0,0,1,0,0,0,0,0,0,0,129,1,0,0,0,0,0,0,0,0,0,0,0,0
129,"STRALSUND","STR",0,1,0,35,1,0,0,14,0,0,0,0,0,0,0,2,0,0,0,49,2,1,0,0,0,0,0,0,0,0,0,0,0
130,"FRANZBURG","STR",34,0,0,133,0,0,0,3,0,0,0,0,0,0,0,0,0,0,0,136,0,0,0,0,0,0,0,0,0,0,0,0,0
131,"GREIFSWALD","STR",32,1,0,156,1,0,0,17,0,0,0,1,0,0,0,3,0,0,0,173,4,1,0,0,0,0,0,0,0,0,0,0,0
132,"GRIMMEN","STR",41,0,0,124,0,0,0,4,0,0,0,1,0,0,0,0,0,0,0,128,1,0,0,0,0,0,0,0,0,0,0,0,0
133,"WRESCHEN","POS",3,2,0,10,44,0,3,0,0,0,0,4,1,0,0,0,0,0,0,10,1,44,4,0,0,3,0,0,0,0,0,0,0
134,"JAROTSCHIN","POS",4,6,0,14,58,0,4,0,0,0,0,2,0,0,0,0,0,0,0,11,0,53,2,0,0,4,0,8,3,5,0,0,0
135,"SCHRODA","POS",5,5,0,25,71,0,2,0,0,0,0,10,2,0,0,0,0,0,0,25,2,71,10,0,0,2,0,0,0,0,0,0,0
136,"SCHRIMM","POS",7,5,0,25,74,0,4,0,0,0,0,8,6,0,0,0,0,0,0,24,5,73,9,0,0,4,0,2,1,1,0,0,0
137,"POSEN","POS",0,0,0,44,50,0,2,12,3,0,0,0,0,0,0,0,0,0,0,0,0,0,0,0,0,0,0,111,56,53,0,2,0
138,"POSEN OST","POS",2,3,0,16,42,0,2,0,0,0,0,13,3,0,0,0,0,0,0,10,3,29,12,0,0,2,1,19,6,13,0,0,0
139,"POSEN WEST","POS",2,2,0,10,40,0,0,0,0,0,0,17,4,0,0,0,0,0,0,9,4,39,17,0,0,0,0,2,1,1,0,0,0
140,"OBORNIK","POS",9,3,0,53,53,0,4,3,0,0,1,7,10,0,0,0,0,0,0,46,10,42,7,0,0,4,0,22,10,11,0,1,0
141,"SAMTER","POS",7,3,0,34,58,0,6,0,0,0,0,4,5,0,0,0,0,0,0,34,5,58,3,0,0,6,1,0,0,0,0,0,0
142,"BIRNBAUM","POS",4,1,0,35,21,0,2,0,0,0,0,2,7,0,0,0,0,0,0,31,7,18,2,0,0,1,0,8,4,3,0,1,0
143,"SCHWERIN","POS",6,15,0,22,25,0,1,0,0,0,0,8,4,0,0,0,0,0,0,22,3,25,9,0,0,1,0,0,0,0,0,0,0
144,"MESERITZ","POS",23,11,0,56,42,0,1,0,0,0,0,11,19,0,0,0,0,0,0,45,19,37,11,0,0,1,0,16,11,5,0,0,0
145,"NEUTOMISCHEL","POS",12,2,0,32,26,0,1,0,0,0,0,1,3,0,0,0,0,0,0,32,3,26,1,0,0,1,0,11,0,0,0,0,0
146,"GRATZ (Buk)","POS",1,2,0,16,43,0,2,1,0,0,0,2,0,0,0,0,1,0,0,10,0,36,2,0,0,1,0,4,7,7,0,1,1
147,"BOMST","POS",15,8,0,68,53,0,2,1,0,0,0,6,8,0,0,0,0,0,0,68,6,52,6,0,0,2,1,2,1,1,0,0,1
148,"FRAUSTADT","POS",10,14,0,24,36,0,1,0,0,0,0,2,1,0,0,0,0,0,0,24,0,36,3,0,0,1,0,0,0,0,0,0,0
149,"SCHMIEGEL","POS",1,3,0,12,51,0,1,0,0,0,0,1,1,0,0,0,0,0,0,12,1,51,1,0,0,1,0,0,0,0,0,0,0
150,"KOSTEN","POS",2,2,0,11,56,0,1,0,0,0,0,1,0,0,1,0,0,0,0,11,1,56,1,0,0,1,0,0,0,0,0,0,0
151,"LISSA","POS",7,9,0,31,37,0,3,0,0,0,0,2,7,0,0,0,0,0,0,30,7,36,2,0,0,3,0,2,1,1,0,0,0
152,"RAWITSCH","POS",10,2,0,36,44,0,1,2,0,0,0,1,7,0,1,0,0,0,0,26,7,37,1,0,0,1,0,19,12,7,0,0,1
153,"GOSTYN (Kröben)","POS",3,2,0,11,60,0,1,0,0,0,0,3,5,0,0,0,0,0,0,4,1,57,7,0,0,0,0,11,7,3,0,1,0
154,"KOSCHMIN","POS",3,0,0,9,38,0,3,0,0,0,0,2,0,0,0,0,0,0,0,9,0,38,2,0,0,3,0,0,0,0,0,0,0
155,"KROTOSCHIN","POS",5,3,0,29,45,0,4,0,0,0,0,4,2,0,0,0,0,0,0,27,2,43,4,0,0,4,0,4,2,2,0,0,0
156,"PLESCHEN","POS",2,1,0,13,50,0,0,0,0,0,0,0,0,0,0,0,0,0,0,12,0,49,0,0,0,0,0,2,1,1,0,0,0
157,"OSTROWO","POS",1,2,0,9,44,0,4,0,0,0,0,1,0,0,0,0,0,0,0,8,0,43,1,0,0,4,0,2,1,1,0,0,0
158,"ADELNAU","POS",3,1,0,18,54,0,0,0,0,0,0,0,0,0,0,0,0,0,0,13,0,45,0,0,0,0,0,14,5,9,0,0,0
159,"SCHILDBERG","POS",2,4,0,17,47,0,1,0,0,0,0,1,2,0,0,0,0,0,0,13,2,41,1,0,0,1,0,10,4,6,0,0,0
160,"KEMPEN","POS",1,3,0,9,49,0,1,1,0,0,0,1,0,0,0,0,0,0,0,4,0,43,1,0,0,0,0,13,6,6,0,1,0
161,"FILEHNE","BRO",25,2,0,50,21,0,2,0,0,0,0,2,3,0,0,0,0,0,0,50,3,21,2,0,0,2,0,0,0,0,0,0,0
162,"CZARNIKAU","BRO",21,3,0,52,28,0,3,2,0,0,0,7,9,0,0,0,0,0,0,50,10,24,6,0,0,3,0,8,4,4,0,0,0
163,"KOLMAR (Chodziesen)","BRO",13,2,1,87,42,0,7,0,0,0,0,3,11,0,0,0,0,0,0,86,11,41,3,0,0,7,0,2,1,1,0,0,0
164,"WIRSITZ","BRO",15,1,0,74,52,0,5,0,0,0,0,12,22,0,0,0,0,0,0,72,20,50,13,0,0,4,1,5,2,2,0,1,0
165,"BROMBERG","BRO",0,0,0,18,14,0,0,4,1,0,1,0,0,0,0,0,0,0,0,0,0,0,0,0,0,0,0,38,22,15,0,1,0
166,"BROMBERG","BRO",9,4,0,78,61,0,2,1,0,0,0,23,18,0,0,0,0,0,0,53,19,45,22,0,0,2,0,42,26,16,0,0,0
167,"SCHUBIN","BRO",5,1,0,54,35,0,4,0,0,0,0,3,13,0,0,0,0,0,0,50,13,30,3,0,0,4,0,9,4,5,0,0,0
168,"HOHENSALZA (Inowraclaw)","BRO",6,0,0,38,47,0,2,1,1,0,0,8,4,0,0,0,0,0,0,27,4,33,8,0,0,0,0,29,12,15,0,2,0
169,"STRELNO","BRO",3,1,0,19,38,0,2,0,0,0,0,1,2,0,0,0,0,0,0,18,2,37,1,0,0,2,0,2,1,1,0,0,0
170,"MOGILNO","BRO",6,0,0,31,50,0,1,0,0,0,0,9,6,0,0,0,0,0,0,31,6,50,9,0,0,1,0,0,0,0,0,0,0
171,"ZNIN","BRO",1,0,0,14,44,0,2,0,0,0,0,1,1,0,0,0,0,0,0,13,1,42,1,0,0,2,0,3,1,2,0,0,0
172,"WONGROWITZ","BRO",2,4,0,31,64,0,3,0,0,0,0,2,9,0,1,0,0,0,0,25,9,56,2,0,0,1,1,16,6,8,0,2,0
173,"GNESEN","BRO",3,2,0,21,43,0,3,1,0,0,0,0,0,0,0,0,0,0,0,22,0,43,0,0,0,3,0,0,0,0,0,0,0
174,"WITKOWO","BRO",2,1,0,16,29,0,1,0,0,0,0,1,4,0,0,0,0,0,0,15,4,27,1,0,0,1,0,3,1,2,0,0,0
175,"NAMSLAU","BRE",9,21,0,48,34,0,0,0,0,0,0,0,1,0,0,0,0,0,0,48,0,34,1,0,0,0,0,0,0,0,0,0,0
176,"GROSS WARTENBERG","BRE",8,15,0,77,42,0,0,3,0,0,0,5,6,0,0,0,0,0,0,80,5,42,6,0,0,0,0,0,0,0,0,0,0
177,"OLS","BRE",40,5,1,115,16,0,1,11,0,0,0,1,0,0,0,0,0,0,0,126,1,16,0,0,0,1,0,0,0,0,0,0,0
178,"TREBNITZ","BRE",22,12,0,88,22,0,0,4,0,0,0,0,0,0,0,0,0,0,0,92,0,22,0,0,0,0,0,0,0,0,0,0,0
179,"MILITSCH","BRE",12,13,0,99,28,0,0,1,1,0,0,0,0,0,0,0,0,0,0,100,0,29,0,0,0,0,0,0,0,0,0,0,0
180,"GUHRAU","BRE",18,8,0,68,15,0,0,3,0,0,0,0,0,0,0,0,0,0,0,71,0,15,0,0,0,0,0,0,0,0,0,0,0
181,"STEINAU","BRE",22,7,0,46,10,0,0,0,0,0,0,0,0,0,0,0,0,0,0,46,0,10,0,0,0,0,0,0,0,0,0,0,0
182,"WOHLAU","BRE",20,18,0,75,35,0,0,0,0,0,0,1,1,0,0,0,0,0,0,75,2,35,0,0,0,0,0,0,0,0,0,0,0
183,"NEUMARKT","BRE",16,34,0,65,62,0,0,1,0,0,0,1,2,0,0,0,0,0,0,66,0,62,3,0,0,0,0,0,0,0,0,0,0
184,"BRESLAU","BRE",0,1,0,267,165,0,0,89,58,0,0,0,0,0,0,0,0,0,0,356,0,223,0,0,0,0,0,0,0,0,0,0,0
185,"BRESLAU","BRE",13,23,0,72,46,0,0,16,2,0,0,2,2,0,0,0,0,0,0,88,2,48,2,0,0,0,0,0,0,0,0,0,0
186,"OHLAU","BRE",15,20,0,68,48,0,0,0,2,0,0,1,2,0,0,0,0,0,0,54,1,43,1,0,0,0,0,21,14,7,0,0,1
187,"BRIEG","BRE",35,6,0,112,18,0,0,7,0,0,0,0,0,0,0,0,0,0,0,119,0,18,0,0,0,0,0,0,0,0,0,0,0
188,"STREHLEN","BRE",20,5,0,59,12,0,0,6,0,0,0,0,1,0,0,0,0,0,0,65,1,12,0,0,0,0,0,0,0,0,0,0,0
189,"NIMPTSCH","BRE",25,7,0,51,13,0,0,0,0,0,0,0,0,0,0,0,0,0,0,51,0,13,0,0,0,0,0,0,0,0,0,0,0
190,"MUNSTERBERG","BRE",5,20,0,12,53,0,0,0,7,0,0,0,0,0,0,0,0,0,0,12,0,60,0,0,0,0,0,0,0,0,0,0,0
191,"FRANKENSTEIN","BRE",9,35,0,23,85,0,0,0,2,0,0,1,0,0,0,0,0,0,0,23,1,87,0,0,0,0,0,0,0,0,0,0,0
192,"REICHENBACH","BRE",12,20,0,72,36,1,0,3,4,2,0,0,0,0,0,0,0,0,0,74,0,40,0,4,0,0,0,0,0,0,0,0,0
193,"SCHWEIDNITZ","BRE",12,30,0,116,65,0,0,9,6,0,0,0,1,0,0,0,0,0,0,125,1,71,0,0,0,0,0,0,0,0,0,0,0
194,"STRIEGAU","BRE",5,16,0,45,31,0,0,7,3,0,0,1,0,0,0,0,0,0,0,52,1,34,0,0,0,0,0,0,0,0,0,0,0
195,"WALDENBURG","BRE",15,9,0,171,50,0,0,10,4,0,0,0,1,0,0,0,0,0,0,181,1,54,0,0,0,0,0,0,0,0,0,0,0
196,"GLATZ","BRE",3,25,0,7,107,0,0,0,4,0,0,0,0,0,0,0,0,0,0,7,0,111,0,0,0,0,0,0,0,0,0,0,0
197,"NEURODE","BRE",1,22,0,3,86,1,0,2,0,0,0,0,0,0,0,0,0,0,0,5,0,86,0,1,0,0,0,0,0,0,0,0,0
198,"HABELSCHWERDT","BRE",3,46,0,3,113,0,0,0,6,0,0,0,0,0,0,0,0,0,0,3,0,119,0,0,0,0,0,0,0,0,0,0,0
199,"GRUNBERG","LIE",15,10,0,85,23,0,0,3,1,0,0,0,0,0,0,0,0,0,0,88,0,24,0,0,0,0,0,0,0,0,0,0,0
200,"FREISTADT","LIE",21,14,0,82,19,0,0,5,0,0,0,0,0,0,0,0,0,0,0,87,0,19,0,0,0,0,0,0,0,0,0,0,0
201,"SAGAN","LIE",18,21,0,94,27,0,0,2,0,0,0,3,0,0,0,0,0,0,0,96,1,27,2,0,0,0,0,0,0,0,0,0,0
202,"SPROTTAU","LIE",9,9,0,63,12,0,0,1,0,0,0,0,2,0,0,0,0,0,0,64,0,12,2,0,0,0,0,0,0,0,0,0,0
203,"GLOGAU","LIE",22,29,0,92,48,0,0,2,0,0,0,1,0,0,0,1,0,0,0,94,1,48,0,0,0,0,0,0,0,0,0,0,0
204,"LUBEN","LIE",21,6,0,64,7,0,0,1,0,0,0,0,0,0,0,0,0,0,0,65,0,7,0,0,0,0,0,0,0,0,0,0,0
205,"BUNZLAU","LIE",27,10,0,100,22,1,0,0,0,1,0,1,0,0,0,0,0,0,0,100,2,22,0,2,0,0,0,0,0,0,0,0,0
206,"GOLDBERG-HAINAU","LIE",26,7,0,84,7,0,0,2,0,0,0,0,0,0,0,0,0,0,0,86,0,7,0,0,0,0,0,0,0,0,0,0,0
207,"LIEGNITZ","LIE",0,3,0,59,11,0,0,1,0,0,0,0,0,0,0,0,0,0,0,60,0,11,0,0,0,0,0,0,0,0,0,0,0
208,"LIEGNITZ","LIE",36,4,0,85,6,0,0,1,0,0,0,0,0,0,0,0,0,0,0,86,0,6,0,0,0,0,0,0,0,0,0,0,0
209,"JAUER","LIE",14,13,0,49,23,0,0,0,0,0,0,1,0,0,0,0,0,0,0,49,1,23,0,0,0,0,0,0,0,0,0,0,0
210,"SCHONAU","LIE",22,9,0,38,10,0,0,0,0,0,0,0,0,0,0,0,0,0,0,38,0,10,0,0,0,0,0,0,0,0,0,0,0
211,"BOLKENHAIN","LIE",19,10,0,53,12,0,0,0,0,0,0,0,0,0,0,0,0,0,0,53,0,12,0,0,0,0,0,0,0,0,0,0,0
212,"LANDESHUT","LIE",8,14,0,43,50,0,0,0,1,0,0,0,2,0,0,0,0,0,0,42,1,50,1,0,0,0,0,2,1,1,0,0,0
213,"HIRSCHBERG","LIE",30,14,0,100,24,0,0,0,0,0,0,1,0,0,0,0,0,0,0,100,1,24,0,0,0,0,0,0,0,0,0,0,0
214,"LOWENBERG","LIE",27,22,0,97,35,0,0,0,1,0,0,1,0,0,0,0,0,0,0,97,1,36,0,0,0,0,0,0,0,0,0,0,0
215,"LAUBAN","LIE",34,8,0,111,14,0,0,0,0,0,0,0,0,0,0,0,0,0,0,111,0,14,0,0,0,0,0,0,0,0,0,0,0
216,"GORLITZ","LIE",0,0,0,90,10,0,0,0,0,0,0,0,2,0,0,0,0,0,0,90,0,10,2,0,0,0,0,0,0,0,0,0,0
217,"GORLITZ","LIE",40,1,0,83,2,0,0,6,0,0,0,0,0,0,0,0,0,0,0,89,0,2,0,0,0,0,0,0,0,0,0,0,0
218,"ROTHENBURG","LIE",30,1,0,95,1,0,0,1,0,0,0,0,0,0,0,0,0,0,0,96,0,1,0,0,0,0,0,0,0,0,0,0,0
219,"HOYERSWERDA","LIE",21,2,0,64,9,0,0,1,0,0,0,0,0,0,0,0,0,0,0,65,0,9,0,0,0,0,0,0,0,0,0,0,0
220,"KREUZBURG","OPP",29,9,0,75,17,0,0,1,0,0,0,0,2,0,0,0,0,0,0,65,2,15,0,0,0,0,0,13,11,2,0,0,0
221,"ROSENBERG","OPP",4,24,0,12,83,0,0,0,1,0,0,0,0,0,0,0,0,0,0,11,0,77,0,0,0,0,0,8,1,7,0,0,0
222,"OPPELN","OPP",13,28,0,37,183,0,0,2,3,0,0,5,7,0,0,0,0,0,0,38,7,185,5,0,0,0,0,2,1,1,0,0,0
223,"GROSS STREHLITZ","OPP",2,23,0,6,129,0,1,0,0,0,0,0,4,0,0,0,0,0,0,4,0,122,4,0,0,0,0,10,2,7,0,1,0
224,"LUBLINITZ","OPP",3,16,0,3,81,0,2,0,0,0,0,0,0,0,0,0,0,0,0,2,0,76,0,0,0,1,0,7,1,5,0,1,0
225,"TOST-GLEIWITZ","OPP",1,34,0,8,164,1,2,0,0,0,1,2,0,0,0,0,0,0,0,1,0,140,2,0,0,0,0,35,7,24,1,3,0
226,"TARNOWITZ","OPP",3,12,0,4,74,0,1,1,3,0,0,0,0,0,0,0,0,0,0,1,0,66,0,0,0,0,0,16,4,11,0,1,0
227,"BEUTHEN","OPP",0,2,0,21,226,0,8,3,20,0,2,0,0,0,0,0,0,0,0,21,0,228,0,0,0,10,0,21,3,18,0,0,0
228,"ZABRZE","OPP",2,5,0,9,66,0,2,2,31,0,0,1,2,0,1,0,0,0,0,8,3,82,0,0,0,2,1,18,3,15,0,0,0
229,"KATTOWITZ","OPP",0,3,1,12,168,0,9,4,9,0,1,0,3,0,0,0,0,0,0,6,0,132,3,0,0,6,0,59,10,45,0,4,0
230,"PLESS","OPP",4,22,0,10,174,0,1,3,6,0,0,0,1,0,0,0,0,0,0,12,0,179,0,0,0,1,1,2,1,1,0,0,0
231,"RYBNIK","OPP",2,28,0,5,152,0,2,1,3,0,0,0,0,0,1,0,0,0,0,5,0,151,0,0,0,1,1,6,1,4,0,1,0
232,"RATIBOR","OPP",1,47,0,5,223,0,0,5,6,0,0,0,2,0,0,0,0,0,0,2,0,204,2,0,0,0,0,33,8,25,0,0,0
233,"KOSEL","OPP",2,24,0,6,129,1,0,0,1,0,0,0,0,2,0,0,0,0,0,4,0,122,0,1,2,0,0,10,2,8,0,0,0
234,"LEOBSCHUTZ","OPP",7,51,0,18,162,0,0,1,21,0,1,1,0,0,0,0,0,0,0,19,0,183,1,0,0,1,0,0,0,0,0,0,0
235,"NEUSTADT","OPP",5,43,0,17,171,0,0,0,6,0,0,0,0,0,0,0,0,0,0,16,0,167,0,0,0,0,0,11,1,10,0,0,0
236,"FALKENBERG","OPP",6,17,0,31,66,0,0,0,0,0,0,0,5,0,0,0,0,0,0,31,5,66,0,0,0,0,0,0,0,0,0,0,0
237,"NEISSE","OPP",3,51,0,10,181,0,0,0,5,0,0,0,0,0,0,0,0,0,0,10,0,186,0,0,0,0,0,0,0,0,0,0,0
238,"GROTTKAU","OPP",1,34,0,5,100,0,0,0,0,0,0,1,0,0,0,0,0,0,0,5,0,100,1,0,0,0,0,0,0,0,0,0,0
239,"OSTERBURG","MAG",109,0,0,136,0,0,0,2,0,0,0,0,0,0,0,0,0,0,0,138,0,0,0,0,0,0,0,0,0,0,0,0,0
240,"SALZWEDEL","MAG",112,1,0,158,1,0,0,0,0,0,0,1,0,0,0,0,0,0,0,158,1,1,0,0,0,0,0,0,0,0,0,0,0
241,"GARDELEGEN","MAG",88,1,0,134,1,0,0,1,0,0,0,0,0,0,0,0,0,0,0,135,0,1,0,0,0,0,0,0,0,0,0,0,0
242,"STENDAL","MAG",94,1,0,136,1,0,0,7,0,0,0,1,0,0,0,0,0,0,0,143,1,1,0,0,0,0,0,0,0,0,0,0,0
243,"JERICHOW I","MAG",102,1,0,174,1,0,0,4,0,0,0,0,0,0,0,0,0,0,0,178,0,1,0,0,0,0,0,0,0,0,0,0,0
244,"JERICHOW II","MAG",93,0,0,130,0,0,0,4,0,0,0,0,0,0,0,0,0,0,0,134,0,0,0,0,0,0,0,0,0,0,0,0,0
245,"KALBE","MAG",55,1,0,206,2,0,0,14,2,0,0,1,0,0,0,0,0,0,0,220,1,4,0,0,0,0,0,0,0,0,0,0,0
246,"WANZLEBEN","MAG",71,6,0,150,14,0,0,7,3,0,0,0,0,0,0,0,0,0,0,157,0,17,0,0,0,0,0,0,0,0,0,0,0
247,"MAGDEBURG","MAG",7,2,0,299,10,0,0,46,2,0,0,3,1,0,0,1,0,0,0,345,4,12,1,0,0,0,0,0,0,0,0,0,0
248,"WOLMIRSTEDT","MAG",59,1,0,110,1,0,0,5,1,0,0,0,0,0,0,0,0,0,0,115,0,2,0,0,0,0,0,0,0,0,0,0,0
249,"NEUHALDENSLEBEN","MAG",63,1,0,109,4,0,0,1,0,0,0,0,0,0,0,0,0,0,0,110,0,4,0,0,0,0,0,0,0,0,0,0,0
250,"OSCHERSLEBEN","MAG",50,6,0,102,10,0,0,9,1,0,0,0,0,0,0,0,0,0,0,111,0,11,0,0,0,0,0,0,0,0,0,0,0
251,"ASCHERSLEBEN","MAG",40,3,0,119,3,0,0,9,0,0,0,0,0,0,0,0,0,0,0,128,0,3,0,0,0,0,0,0,0,0,0,0,0
252,"HALBERSTADT","MAG",53,4,0,144,4,0,2,2,2,0,0,3,0,0,1,0,0,0,1,146,2,6,0,0,0,2,3,0,0,0,0,0,0
253,"WERNIGERODE","MAG",18,0,0,50,0,0,0,0,0,0,0,0,0,0,0,0,0,0,0,50,0,0,0,0,0,0,0,0,0,0,0,0,0
254,"LIEBENWERDA","MER",57,1,0,111,1,0,0,1,0,0,0,0,0,0,0,0,0,0,0,112,0,1,0,0,0,0,0,0,0,0,0,0,0
255,"TORGAU","MER",75,1,0,114,1,0,0,3,0,0,0,1,0,0,0,0,0,0,0,117,1,1,0,0,0,0,0,0,0,0,0,0,0
256,"SCHWEINITZ","MER",81,0,0,114,0,0,0,0,0,0,0,0,0,0,0,0,0,0,0,114,0,0,0,0,0,0,0,0,0,0,0,0,0
257,"WITTENBERG","MER",68,1,0,123,1,0,0,0,0,0,0,0,0,0,0,0,0,0,0,123,0,1,0,0,0,0,0,0,0,0,0,0,0
258,"BITTERFELD","MER",69,1,0,125,2,0,0,3,0,0,0,0,0,0,0,0,0,0,0,128,0,2,0,0,0,0,0,0,0,0,0,0,0
259,"SAALKREIS","MER",83,0,0,163,1,0,0,7,0,0,0,0,0,0,0,1,0,0,0,170,1,1,0,0,0,0,0,0,0,0,0,0,0
260,"HALLE","MER",4,1,0,134,3,0,0,23,2,0,0,0,0,0,0,2,0,0,0,157,2,5,0,0,0,0,0,0,0,0,0,0,0
261,"DELITZSCH","MER",71,1,0,137,2,0,0,3,0,0,0,1,0,0,0,0,0,0,0,140,1,2,0,0,0,0,0,0,0,0,0,0,0
262,"MANSFELDER GEBIRGSKR","MER",61,0,0,108,0,0,0,3,1,0,0,0,0,0,0,0,0,0,0,111,0,1,0,0,0,0,0,0,0,0,0,0,0
263,"MANSFELDER SEEKREIS","MER",81,5,0,175,6,0,0,3,1,0,0,1,0,0,0,0,0,0,0,178,1,7,0,0,0,0,0,0,0,0,0,0,0
264,"SANGERHAUSEN","MER",96,1,0,163,1,0,0,1,0,0,0,1,0,0,0,0,0,0,0,164,1,1,0,0,0,0,0,0,0,0,0,0,0
265,"ECKARTSBERGA","MER",92,0,0,118,0,0,0,0,0,0,0,0,0,0,0,0,0,0,0,118,0,0,0,0,0,0,0,0,0,0,0,0,0
266,"QUERFURT","MER",102,0,0,156,0,0,0,0,0,0,0,0,0,0,0,0,0,0,0,156,0,0,0,0,0,0,0,0,0,0,0,0,0
267,"MERSEBURG","MER",92,1,0,165,1,0,0,0,0,0,0,3,0,0,0,0,0,0,0,165,3,1,0,0,0,0,0,0,0,0,0,0,0
268,"WEISSENFELS","MER",85,1,0,185,1,0,0,4,1,0,0,0,0,0,0,0,0,0,0,189,0,2,0,0,0,0,0,0,0,0,0,0,0
269,"NAUMBURG","MER",28,0,0,50,1,0,0,1,0,0,0,0,0,0,0,0,0,0,0,51,0,1,0,0,0,0,0,0,0,0,0,0,0
270,"ZEITZ","MER",41,0,0,113,0,0,0,5,1,0,0,1,0,0,0,1,0,0,0,118,2,1,0,0,0,0,0,0,0,0,0,0,0
271,"NORDHAUSEN","ERF",0,1,0,39,2,0,0,4,1,0,0,0,0,0,0,0,0,0,0,43,0,3,0,0,0,0,0,0,0,0,0,0,0
272,"NORDHAUSEN","ERF",66,3,0,93,3,0,0,0,0,0,0,0,0,0,0,0,0,0,0,93,0,3,0,0,0,0,0,0,0,0,0,0,0
273,"WORBIS","ERF",22,37,0,26,71,0,0,0,0,0,0,0,0,0,0,0,0,0,0,26,0,71,0,0,0,0,0,0,0,0,0,0,0
274,"HEILIGENSTADT","ERF",9,63,0,11,84,0,0,0,7,0,0,0,0,0,0,0,0,0,0,11,0,91,0,0,0,0,0,0,0,0,0,0,0
275,"MUHLHAUSEN","ERF",43,19,0,87,35,0,0,1,0,0,0,0,0,0,0,1,0,0,0,88,1,35,0,0,0,0,0,0,0,0,0,0,0
276,"LANGENSALZA","ERF",61,1,0,96,1,0,0,1,0,0,0,4,0,0,0,0,0,0,0,97,4,1,0,0,0,0,0,0,0,0,0,0,0
277,"WEISSENSEE","ERF",45,0,0,67,1,0,0,1,0,0,0,0,0,0,0,0,0,0,0,68,0,1,0,0,0,0,0,0,0,0,0,0,0
278,"ERFURT","ERF",1,0,0,85,22,0,0,14,1,0,0,3,0,0,0,0,0,0,0,99,3,23,0,0,0,0,0,0,0,0,0,0,0
279,"ERFURT","ERF",44,5,0,60,8,0,0,0,0,0,0,1,0,0,0,0,0,0,0,60,1,8,0,0,0,0,0,0,0,0,0,0,0
280,"ZIEGENRUCK","ERF",31,0,0,39,0,0,0,0,0,0,0,0,0,0,0,0,0,0,0,39,0,0,0,0,0,0,0,0,0,0,0,0,0
281,"SCHLEUSINGEN","ERF",38,0,0,88,0,0,0,5,0,0,0,0,0,0,0,0,0,0,0,93,0,0,0,0,0,0,0,0,0,0,0,0,0
282,"HADERSLEBEN","SCH",62,0,0,166,0,6,0,20,0,2,0,7,0,0,0,1,0,0,0,186,5,0,0,8,3,0,0,0,0,0,0,0,0
283,"APENRADE","SCH",19,0,0,85,0,0,0,3,0,0,0,0,0,0,0,0,0,0,0,88,0,0,0,0,0,0,0,0,0,0,0,0,0
284,"SONDERBURG","SCH",26,0,0,78,0,0,0,8,0,0,0,0,0,0,0,0,0,0,0,86,0,0,0,0,0,0,0,0,0,0,0,0,0
285,"FLENSBURG","SCH",25,0,0,218,1,0,0,0,1,0,0,2,0,0,0,0,0,0,0,218,2,2,0,0,0,0,0,0,0,0,0,0,0
286,"SCHLESWIG","SCH",36,1,0,181,1,1,0,6,1,0,0,0,0,0,0,0,0,0,0,187,0,2,0,1,0,0,0,0,0,0,0,0,0
287,"ECKERNFORDE","SCH",20,0,0,119,0,0,0,1,0,0,0,0,0,0,0,0,0,0,0,120,0,0,0,0,0,0,0,0,0,0,0,0,0
288,"EIDERSTEDT","SCH",29,0,0,61,0,0,0,3,0,0,0,0,0,0,0,0,0,0,0,64,0,0,0,0,0,0,0,0,0,0,0,0,0
289,"HUSUM","SCH",26,1,0,130,1,0,0,2,1,0,0,0,0,0,0,0,0,0,0,132,0,2,0,0,0,0,0,0,0,0,0,0,0
290,"TONDERN","SCH",69,0,0,199,0,0,0,4,0,0,0,0,0,0,0,0,0,0,0,203,0,0,0,0,0,0,0,0,0,0,0,0,0
291,"OLDENBURG","SCH",24,0,0,147,0,0,0,10,0,0,0,1,0,0,0,0,0,0,0,157,1,0,0,0,0,0,0,0,0,0,0,0,0
292,"PLON","SCH",17,0,0,179,0,0,0,9,0,0,0,0,0,0,0,0,0,0,0,188,0,0,0,0,0,0,0,0,0,0,0,0,0
293,"KIEL","SCH",0,1,0,123,1,0,0,3,2,0,0,2,0,0,0,0,0,0,0,126,2,3,0,0,0,0,0,0,0,0,0,0,0
294,"KIEL","SCH",6,1,0,135,1,0,0,11,0,0,0,0,0,0,0,0,0,0,0,146,0,1,0,0,0,0,0,0,0,0,0,0,0
295,"RENDSBURG","SCH",21,0,0,154,0,0,1,6,1,0,0,1,1,0,0,0,0,0,0,160,1,1,1,0,0,1,0,0,0,0,0,0,0
296,"NORDERDITHMARSCHEN","SCH",27,0,0,126,0,0,0,5,0,0,0,4,0,0,0,0,0,0,0,131,4,0,0,0,0,0,0,0,0,0,0,0,0
297,"SUDERDITHMARSCHEN","SCH",18,0,0,151,0,0,0,6,0,0,0,0,0,0,0,0,0,0,0,157,0,0,0,0,0,0,0,0,0,0,0,0,0
298,"STEINBURG","SCH",28,0,0,176,0,0,0,5,0,0,0,1,0,0,0,0,0,0,0,181,1,0,0,0,0,0,0,0,0,0,0,0,0
299,"SEGEBERG","SCH",15,0,0,141,0,0,0,3,0,0,0,0,0,0,0,0,0,0,0,144,0,0,0,0,0,0,0,0,0,0,0,0,0
300,"STORMARN","SCH",20,0,1,189,0,0,1,16,0,0,0,2,0,0,0,0,0,0,0,205,2,0,0,0,0,1,0,0,0,0,0,0,0
301,"PINNEBERG","SCH",15,0,1,183,0,0,1,8,0,0,0,0,0,0,0,0,0,0,0,191,0,0,0,0,0,1,0,0,0,0,0,0,0
302,"ALTONA","SCH",1,1,0,173,3,0,4,50,3,0,3,0,0,0,2,0,0,0,0,223,0,6,0,0,0,7,2,0,0,0,0,0,0
303,"LAUENBURG","SCH",33,0,0,141,0,0,0,2,0,0,0,0,0,0,0,0,0,0,0,143,0,0,0,0,0,0,0,0,0,0,0,0,0
304,"DIEPHOLZ","HAN",13,0,0,46,0,0,0,0,0,0,0,0,0,0,0,0,0,0,0,46,0,0,0,0,0,0,0,0,0,0,0,0,0
305,"SYKE","HAN",17,0,1,78,7,0,0,0,1,0,0,0,0,0,0,0,0,0,0,78,0,8,0,0,0,0,0,0,0,0,0,0,0
306,"HOYA","HAN",21,0,1,66,0,0,1,1,0,0,0,0,0,0,0,0,0,0,0,67,0,0,0,0,0,1,0,0,0,0,0,0,0
307,"NIENBURG","HAN",24,1,1,51,1,0,1,2,0,0,0,0,0,0,0,0,0,0,0,53,0,1,0,0,0,1,0,0,0,0,0,0,0
308,"STOLZENAU","HAN",35,0,1,60,0,0,1,0,0,0,0,0,0,0,0,0,0,0,0,60,0,0,0,0,0,1,0,0,0,0,0,0,0
309,"SULINGEN","HAN",17,0,0,41,0,0,0,0,0,0,0,0,0,0,0,0,0,0,0,41,0,0,0,0,0,0,0,0,0,0,0,0,0
310,"NEUSTADT","HAN",42,0,2,71,0,0,2,0,1,0,0,0,0,0,0,0,0,0,0,71,0,1,0,0,0,2,0,0,0,0,0,0,0
311,"HANNOVER","HAN",0,1,0,188,10,0,0,11,7,0,0,0,0,0,0,0,0,0,0,199,0,17,0,0,0,0,0,0,0,0,0,0,0
312,"HANNOVER","HAN",29,0,0,58,0,0,0,0,0,0,0,0,0,0,0,0,0,0,0,58,0,0,0,0,0,0,0,0,0,0,0,0,0
313,"LINDEN (Wennigsen)","HAN",2,1,0,49,4,0,0,0,4,0,0,0,0,0,0,0,0,0,0,49,0,8,0,0,0,0,0,0,0,0,0,0,0
314,"LINDEN (Wennigsen)","HAN",42,0,1,79,0,0,1,0,0,0,0,0,0,0,0,0,0,0,0,79,0,0,0,0,0,1,0,0,0,0,0,0,0
315,"SPRINGE","HAN",41,0,1,70,0,0,1,0,0,0,0,0,0,0,0,0,0,0,0,70,0,0,0,0,0,1,0,0,0,0,0,0,0
316,"HAMELN","HAN",68,1,0,101,1,0,0,1,1,0,0,1,0,0,0,0,0,0,0,102,1,2,0,0,0,0,0,0,0,0,0,0,0
317,"PEINE","HIL",50,3,0,73,4,0,0,0,0,0,0,0,0,0,0,0,0,0,0,73,0,4,0,0,0,0,0,0,0,0,0,0,0
318,"HILDESHEIM","HIL",1,3,2,34,7,0,2,0,9,0,0,0,0,0,0,0,0,0,0,34,0,16,0,0,0,2,0,0,0,0,0,0,0
319,"HILDESHEIM","HIL",21,23,2,22,25,0,2,0,1,0,0,0,0,0,0,0,0,0,0,22,0,26,0,0,0,2,0,0,0,0,0,0,0
320,"MARIENBURG","HIL",53,28,0,61,32,0,0,0,3,0,0,0,0,0,0,0,0,0,0,61,0,35,0,0,0,0,0,0,0,0,0,0,0
321,"GRONAU","HIL",29,3,0,43,5,0,0,0,0,0,0,0,0,0,0,0,0,0,0,43,0,5,0,0,0,0,0,0,0,0,0,0,0
322,"ALFELD","HIL",40,3,0,51,6,0,0,0,1,0,0,0,0,0,0,0,0,0,0,51,0,7,0,0,0,0,0,0,0,0,0,0,0
323,"GOSLAR","HIL",42,14,0,63,14,0,0,3,0,0,0,0,0,0,0,0,0,0,0,66,0,14,0,0,0,0,0,0,0,0,0,0,0
324,"OSTERODE AM HARZ","HIL",40,2,0,81,2,0,0,0,0,0,0,0,0,0,0,0,0,0,0,81,0,2,0,0,0,0,0,0,0,0,0,0,0
325,"DUDERSTADT","HIL",3,37,1,5,42,0,1,0,12,0,0,0,0,0,0,0,0,0,0,5,0,54,0,0,0,1,0,0,0,0,0,0,0
326,"GOTTINGEN","HIL",2,1,0,24,1,0,0,0,2,0,0,1,0,0,0,0,0,0,0,24,1,3,0,0,0,0,0,0,0,0,0,0,0
327,"GOTTINGEN","HIL",66,0,0,76,0,0,0,0,0,0,0,0,0,0,0,0,0,0,0,76,0,0,0,0,0,0,0,0,0,0,0,0,0
328,"MUNDEN","HIL",38,1,2,52,1,0,2,0,0,0,0,2,0,0,0,0,0,0,0,52,2,1,0,0,0,2,0,0,0,0,0,0,0
329,"USLAR","HIL",29,0,1,42,0,0,2,0,0,0,0,0,0,0,0,0,0,0,0,42,0,0,0,0,0,2,0,0,0,0,0,0,0
330,"EINBECK","HIL",35,2,0,49,2,0,0,0,0,0,0,0,0,0,0,1,0,0,0,49,1,2,0,0,0,0,0,0,0,0,0,0,0
331,"NORTHEIM","HIL",46,2,1,59,3,0,1,0,0,0,0,1,0,0,0,0,0,0,0,59,1,3,0,0,0,1,0,0,0,0,0,0,0
332,"ZELLERFELD","HIL",21,0,0,55,0,0,0,1,1,0,0,1,0,0,0,0,0,0,0,56,1,1,0,0,0,0,0,0,0,0,0,0,0
333,"ILFELD","HIL",28,0,0,32,0,0,0,0,0,0,0,0,0,0,0,0,0,0,0,32,0,0,0,0,0,0,0,0,0,0,0,0,0
334,"CELLE","LUN",3,1,0,23,1,0,0,0,1,0,0,0,0,0,0,0,0,0,0,23,0,2,0,0,0,0,0,0,0,0,0,0,0
335,"CELLE","LUN",25,0,0,103,0,0,0,0,0,0,0,0,0,0,0,0,0,0,0,103,0,0,0,0,0,0,0,0,0,0,0,0,0
336,"GIFHORN","LUN",44,0,0,85,0,0,0,1,0,0,0,0,0,0,0,0,0,0,0,86,0,0,0,0,0,0,0,0,0,0,0,0,0
337,"BURGDORF","LUN",48,0,1,90,0,0,1,1,0,0,0,0,0,0,0,0,0,0,0,91,1,0,0,0,0,1,0,0,0,0,0,0,0
338,"ISENHAGEN","LUN",21,0,0,51,0,0,0,0,0,0,0,0,0,0,0,0,0,0,0,51,0,0,0,0,0,0,0,0,0,0,0,0,0
339,"FALLINGBOSTEL","LUN",22,0,0,86,0,0,0,0,0,0,0,1,0,0,0,0,0,0,0,86,0,0,0,0,0,0,0,0,0,0,0,0,0
340,"SOLTAU","LUN",9,0,0,55,0,0,0,1,0,0,0,0,0,0,0,0,0,0,0,56,0,0,0,0,0,0,0,0,0,0,0,0,0
341,"ULZEN","LUN",41,0,0,119,0,0,0,2,0,0,0,0,0,0,0,0,0,0,0,121,0,0,0,0,0,0,0,0,0,0,0,0,0
342,"LUCHOW","LUN",30,0,0,67,0,0,0,0,0,0,0,0,0,0,0,0,0,0,0,67,0,0,0,0,0,0,0,0,0,0,0,0,0
343,"DANNENBERG","LUN",15,0,0,36,0,0,0,1,0,0,0,1,0,0,0,0,0,0,0,37,1,0,0,0,0,0,0,0,0,0,0,0,0
344,"BLECKEDE","LUN",18,0,0,63,0,0,0,0,0,0,0,0,0,0,0,0,0,0,0,63,0,0,0,0,0,0,0,0,0,0,0,0,0
345,"LUNEBURG","LUN",0,1,0,23,1,0,0,0,0,0,0,0,0,0,0,0,0,0,0,23,0,1,0,0,0,0,0,0,0,0,0,0,0
346,"LUNEBURG","LUN",19,0,0,49,0,0,0,0,0,0,0,0,0,0,0,0,0,0,0,49,0,0,0,0,0,0,0,0,0,0,0,0,0
347,"WINSEN","LUN",14,0,0,73,0,0,0,1,0,0,0,0,0,0,0,0,0,0,0,74,0,0,0,0,0,0,0,0,0,0,0,0,0
348,"HARBURG","LUN",0,2,0,37,2,0,0,12,1,0,0,0,0,0,0,0,0,0,0,49,0,3,0,0,0,0,0,0,0,0,0,0,0
349,"HARBURG","LUN",13,0,0,90,0,0,0,2,0,0,0,1,0,0,0,0,0,0,0,92,1,0,0,0,0,0,0,0,0,0,0,0,0
350,"JORK","STA",13,0,0,56,0,0,0,0,0,0,0,0,0,0,0,0,0,0,0,56,0,0,0,0,0,0,0,0,0,0,0,0,0
351,"STADE","STA",12,0,1,96,1,0,1,0,0,0,0,1,1,0,0,0,0,0,0,96,1,1,1,0,0,1,0,0,0,0,0,0,0
352,"KEHDINGEN","STA",14,0,0,54,0,0,0,0,0,0,0,0,0,0,0,0,0,0,0,54,0,0,0,0,0,0,0,0,0,0,0,0,0
353,"NEUHAUS","STA",16,0,0,79,0,0,0,0,0,0,0,1,0,0,0,0,0,0,0,79,1,0,0,0,0,0,0,0,0,0,0,0,0
354,"HADELN (Otterndorf)","STA",11,0,0,46,0,0,0,0,0,0,0,0,0,0,0,0,0,0,0,46,0,0,0,0,0,0,0,0,0,0,0,0,0
355,"LEHE","STA",22,0,0,82,1,0,0,0,0,0,0,0,0,0,0,0,0,0,0,82,0,1,0,0,0,0,0,0,0,0,0,0,0
356,"GEESTEMUNDE","STA",16,1,0,101,3,0,0,0,0,0,0,0,0,0,0,0,0,0,0,101,0,3,0,0,0,0,0,0,0,0,0,0,0
357,"OSTERHOLZ","STA",16,0,1,92,0,0,1,0,0,0,0,0,0,0,0,0,0,0,0,92,0,0,0,0,0,1,0,0,0,0,0,0,0
358,"BLUMENTHAL","STA",7,0,0,49,0,0,0,0,0,0,0,0,0,0,0,0,0,0,0,49,0,0,0,0,0,0,0,0,0,0,0,0,0
359,"VERDEN","STA",15,1,1,68,1,0,1,2,0,0,0,0,0,0,0,1,0,0,0,70,1,1,0,0,0,1,0,0,0,0,0,0,0
360,"ACHIM","STA",11,1,1,56,1,0,1,2,0,0,0,0,0,0,0,0,0,0,0,58,0,1,0,0,0,1,0,0,0,0,0,0,0
361,"ROTENBURG","STA",13,0,0,72,0,0,0,0,0,0,0,0,0,0,0,0,0,0,0,72,0,0,0,0,0,0,0,0,0,0,0,0,0
362,"ZEVEN","STA",7,0,0,56,0,0,0,0,0,0,0,1,0,0,0,0,0,0,0,56,1,0,0,0,0,0,0,0,0,0,0,0,0
363,"BREMERVORDE","STA",9,0,0,62,0,0,0,0,0,0,0,0,0,0,0,0,0,0,0,62,0,0,0,0,0,0,0,0,0,0,0,0,0
364,"MEPPEN","OSN",1,10,1,2,49,0,1,0,7,0,0,0,0,0,0,0,0,0,0,2,0,56,0,0,0,1,0,0,0,0,0,0,0
365,"ASCHENDORF","OSN",1,12,0,2,40,0,1,0,10,0,0,0,0,0,0,0,0,0,0,2,0,50,0,0,0,1,0,0,0,0,0,0,0
366,"HÜMMLING","OSN",0,8,1,0,39,0,1,0,0,0,0,0,0,0,0,0,0,0,0,0,0,39,0,0,0,1,0,0,0,0,0,0,0
367,"LINGEN","OSN",8,16,0,10,51,0,0,0,12,0,0,0,1,0,0,0,0,0,0,10,0,63,1,0,0,0,0,0,0,0,0,0,0
368,"BENTHEIM","OSN",20,9,1,67,14,0,1,0,3,0,0,0,0,0,0,0,0,0,0,67,0,17,0,0,0,1,0,0,0,0,0,0,0
369,"BERSENBRUCK","OSN",22,13,0,53,41,0,0,0,3,0,0,0,0,0,0,0,0,0,0,53,0,44,0,0,0,0,0,0,0,0,0,0,0
370,"OSNABRUCK","OSN",0,0,0,25,11,0,0,12,12,0,0,0,0,0,0,0,0,0,0,37,0,23,0,0,0,0,0,0,0,0,0,0,0
371,"OSNABRUCK","OSN",10,4,0,30,25,0,0,0,0,0,0,0,0,0,0,0,0,0,0,30,0,25,0,0,0,0,0,0,0,0,0,0,0
372,"WITTLAGE","OSN",16,2,0,26,8,0,0,1,2,0,0,0,0,0,0,0,0,0,0,27,0,10,0,0,0,0,0,0,0,0,0,0,0
373,"MELLE","OSN",10,4,0,36,11,0,0,0,3,0,0,0,0,0,0,0,0,0,0,36,0,14,0,0,0,0,0,0,0,0,0,0,0
374,"IBURG","OSN",4,8,0,16,22,0,0,0,12,0,0,0,0,0,0,0,0,0,0,16,0,34,0,0,0,0,0,0,0,0,0,0,0
375,"NORDEN","AUR",13,1,3,75,1,0,3,0,0,0,0,1,0,0,0,1,0,0,0,75,2,1,0,0,0,3,0,0,0,0,0,0,0
376,"EMDEN","AUR",0,1,0,25,1,0,2,2,1,0,0,0,0,0,1,0,0,0,0,27,0,2,0,0,0,2,1,0,0,0,0,0,0
377,"EMDEN","AUR",42,0,0,50,0,0,0,0,0,0,0,4,0,0,0,0,0,0,0,50,4,0,0,0,0,0,0,0,0,0,0,0,0
378,"WITTMUND","AUR",36,0,3,100,0,0,3,1,0,0,0,0,0,0,0,0,0,0,0,101,0,0,0,0,0,3,0,0,0,0,0,0,0
379,"AURICH","AUR",26,1,1,86,1,0,2,0,0,0,0,1,0,0,0,0,0,0,0,86,1,1,0,0,0,2,0,0,0,0,0,0,0
380,"LEER","AUR",36,3,1,102,8,0,1,1,1,0,0,0,0,0,0,0,0,0,0,103,0,9,0,0,0,1,0,0,0,0,0,0,0
381,"WEENER","AUR",23,1,2,52,2,0,2,1,0,0,0,0,0,0,0,0,0,0,0,53,0,2,0,0,0,2,0,0,0,0,0,0,0
382,"TECKLENBURG","MUN",13,6,1,52,28,0,1,6,17,0,0,0,0,0,0,0,0,0,0,58,0,45,0,0,0,1,0,0,0,0,0,0,0
383,"WARENDORF","MUN",1,6,1,1,24,0,1,0,27,0,0,0,0,0,0,0,0,0,0,1,0,51,0,0,0,1,0,0,0,0,0,0,0
384,"BECKUM","MUN",3,10,2,3,50,0,3,0,40,0,0,0,0,0,0,0,0,0,0,3,0,90,0,0,0,3,0,0,0,0,0,0,0
385,"LUDINGHAUSEN","MUN",1,10,1,2,49,0,1,0,29,0,0,0,0,0,0,0,0,0,0,2,0,78,0,0,0,1,0,0,0,0,0,0,0
386,"MUNSTER","MUN",2,0,0,7,25,0,0,2,27,0,0,0,1,0,0,0,0,0,0,9,0,52,1,0,0,0,0,0,0,0,0,0,0
387,"MUNSTER","MUN",0,6,0,0,37,0,0,0,28,0,0,0,0,0,0,0,0,0,0,0,0,65,0,0,0,0,0,0,0,0,0,0,0
388,"STEINFURT","MUN",2,11,1,8,51,0,2,2,33,0,0,0,0,0,0,0,0,0,0,10,0,84,0,0,0,2,0,0,0,0,0,0,0
389,"KOESFELD","MUN",0,5,2,3,55,0,2,0,28,0,0,0,0,0,0,0,0,0,0,3,0,83,0,0,0,2,0,0,0,0,0,0,0
390,"AHAUS","MUN",3,6,0,4,41,0,0,1,26,0,0,0,0,0,0,0,0,0,0,5,0,67,0,0,0,0,0,0,0,0,0,0,0
391,"BORKEN","MUN",4,6,2,5,50,0,2,0,34,0,0,0,0,0,0,0,0,0,0,5,0,84,0,0,0,2,0,0,0,0,0,0,0
392,"RECKLINGHAUSEN","MUN",4,10,0,9,82,0,0,0,58,0,0,0,0,0,0,0,2,0,0,9,0,140,2,0,0,0,0,0,0,0,0,0,0
393,"MINDEN","MIN",32,3,2,144,6,0,2,3,3,0,0,0,0,0,0,0,0,0,0,147,0,9,0,0,0,2,0,0,0,0,0,0,0
394,"LUBBECKE","MIN",22,1,3,83,1,0,3,2,0,0,0,0,0,0,0,0,0,0,0,85,0,1,0,0,0,3,0,0,0,0,0,0,0
395,"HERFORD","MIN",31,3,4,134,3,0,4,2,2,0,0,0,0,0,0,0,0,0,0,136,0,5,0,0,0,4,0,0,0,0,0,0,0
396,"HALLE","MIN",18,1,2,59,2,0,2,2,1,0,0,0,0,0,0,0,0,0,0,61,0,3,0,0,0,2,0,0,0,0,0,0,0
397,"BIELEFELD","MIN",0,2,0,68,4,0,0,1,4,0,0,0,0,0,0,0,0,0,0,69,0,8,0,0,0,0,0,0,0,0,0,0,0
398,"BIELEFELD","MIN",10,1,0,69,1,0,0,0,0,0,0,0,0,0,0,0,0,0,0,69,0,1,0,0,0,0,0,0,0,0,0,0,0
399,"WIEDENBRUCK","MIN",4,9,1,23,52,0,1,1,12,0,0,0,0,0,0,0,0,0,0,24,0,64,0,0,0,1,0,0,0,0,0,0,0
400,"PADERBORN","MIN",3,20,1,3,52,0,1,1,31,0,0,0,0,0,0,0,0,0,0,4,0,83,0,0,0,1,0,0,0,0,0,0,0
401,"BUREN","MIN",2,30,3,3,58,0,4,0,30,0,0,0,0,0,0,0,0,0,0,3,0,88,0,0,0,4,0,0,0,0,0,0,0
402,"WARBURG","MIN",4,34,4,5,50,0,4,0,27,0,0,0,0,0,0,0,0,0,0,5,0,77,0,0,0,4,0,0,0,0,0,0,0
403,"HOXTER","MIN",11,58,4,13,80,0,5,0,39,0,0,0,1,0,0,0,0,0,0,13,0,119,1,0,0,5,0,0,0,0,0,0,0
404,"ARNSBERG","ARN",2,22,2,3,60,0,2,1,37,0,0,0,0,0,0,0,0,0,0,4,0,97,0,0,0,2,0,0,0,0,0,0,0
405,"MESCHEDE","ARN",3,19,0,4,56,0,0,0,29,0,0,0,0,0,0,0,0,0,0,4,0,85,0,0,0,0,0,0,0,0,0,0,0
406,"BRILON","ARN",1,40,2,2,69,0,3,0,30,0,0,0,0,0,0,0,0,0,0,2,0,99,0,0,0,3,0,0,0,0,0,0,0
407,"LIPPSTADT","ARN",0,18,4,6,50,0,5,1,30,0,0,0,0,0,0,0,0,0,0,7,0,80,0,0,0,5,0,0,0,0,0,0,0
408,"SOEST","ARN",13,17,2,47,43,0,2,1,25,0,0,0,0,0,0,0,0,0,0,48,0,68,0,0,0,2,0,0,0,0,0,0,0
409,"HAMM","ARN",27,5,2,101,33,0,2,8,25,0,0,0,0,0,0,0,0,0,0,109,0,58,0,0,0,2,0,0,0,0,0,0,0
410,"DORTMUND","ARN",5,0,2,101,49,0,3,11,43,0,0,1,0,0,0,0,0,0,0,112,1,92,0,0,0,3,0,0,0,0,0,0,0
411,"DORTMUND","ARN",12,2,0,80,31,0,2,11,23,0,0,0,0,0,0,0,0,0,0,85,0,52,0,0,0,2,0,8,6,2,0,0,0
412,"HORDE","ARN",6,2,1,110,28,0,2,25,23,0,0,0,0,0,0,0,0,0,0,111,0,50,0,0,0,1,0,26,24,1,0,1,0
413,"BOCHUM","ARN",0,0,1,37,32,0,2,14,31,0,0,0,0,0,0,0,0,0,0,51,0,63,0,0,0,2,0,0,0,0,0,0,0
414,"BOCHUM","ARN",4,0,0,119,53,0,1,29,35,0,0,0,0,0,0,0,0,0,0,133,0,83,0,0,0,1,0,20,15,5,0,0,0
415,"GELSENKIRCHEN","ARN",3,0,2,73,61,0,2,21,61,0,0,0,1,0,0,0,0,0,0,94,0,122,1,0,0,2,0,0,0,0,0,0,0
416,"HATTINGEN","ARN",4,1,1,64,28,0,1,16,17,0,0,0,0,0,0,0,0,0,0,80,0,45,0,0,0,1,0,0,0,0,0,0,0
417,"HAGEN","ARN",0,0,1,42,8,1,1,11,9,0,0,0,0,0,0,0,0,0,0,54,0,17,0,0,0,1,0,0,0,0,0,0,0
418,"HAGEN","ARN",7,2,0,99,13,0,0,13,13,0,0,0,1,0,0,0,0,0,0,112,1,26,0,0,0,0,0,0,0,0,0,0,0
419,"SCHWELM","ARN",2,0,0,91,6,0,1,17,2,0,0,0,0,0,0,0,0,0,0,108,0,8,0,0,0,1,0,0,0,0,0,0,0
420,"ISERLOHN","ARN",6,0,3,85,30,0,3,0,24,0,0,0,0,0,0,0,0,0,0,85,0,54,0,0,0,3,0,0,0,0,0,0,0
421,"ALTENA","ARN",19,4,1,133,8,0,1,8,4,0,0,0,0,0,0,0,0,0,0,141,0,12,0,0,0,1,0,0,0,0,0,0,0
422,"OLPE","ARN",1,13,0,3,67,0,0,0,29,0,0,1,0,0,0,0,0,0,0,3,0,96,1,0,0,0,0,0,0,0,0,0,0
423,"SIEGEN","ARN",14,8,1,158,29,0,1,1,7,0,0,0,0,0,0,0,0,0,0,159,0,36,0,0,0,1,0,0,0,0,0,0,0
424,"WITTGENSTEIN","ARN",22,1,2,53,3,0,2,2,0,0,0,0,0,0,0,0,0,0,0,52,0,2,0,0,0,1,0,5,3,1,0,1,0
425,"KASSEL","KAS",0,0,0,105,6,0,0,19,3,0,0,0,0,0,0,0,0,0,0,124,0,9,0,0,0,0,0,0,0,0,0,0,0
426,"KASSEL","KAS",50,0,1,92,0,0,1,0,0,0,0,0,0,0,0,0,0,0,0,92,0,0,0,0,0,1,0,0,0,0,0,0,0
427,"ESCHWEGE","KAS",73,1,7,104,1,0,9,0,0,0,0,0,1,0,1,2,1,0,0,104,3,1,1,0,0,9,1,0,0,0,0,0,0
428,"FRITZLAR","KAS",46,2,4,57,5,0,7,0,2,0,0,0,0,0,1,0,0,0,0,57,1,7,0,0,0,7,0,0,0,0,0,0,0
429,"HOFGEISMAR","KAS",56,0,3,80,0,0,4,1,0,0,0,0,0,0,0,0,0,0,0,81,0,0,0,0,0,4,0,0,0,0,0,0,0
430,"HOMBERG","KAS",48,0,0,59,0,0,3,2,0,0,0,0,0,0,0,0,0,0,0,61,0,0,0,0,0,3,0,0,0,0,0,0,0
431,"MELSUNGEN","KAS",63,0,4,74,0,0,5,0,0,0,0,0,0,0,0,0,0,0,0,74,0,0,0,0,0,5,0,0,0,0,0,0,0
432,"ROTENBURG","KAS",62,1,4,75,1,0,5,0,0,0,0,3,0,0,0,0,0,0,0,75,3,1,0,0,0,5,0,0,0,0,0,0,0
433,"WITZENHAUSEN","KAS",55,0,0,80,0,0,2,1,0,0,0,0,0,0,0,0,0,0,0,81,0,0,0,0,0,2,0,0,0,0,0,0,0
434,"WOLFHAGEN","KAS",34,1,2,49,6,0,4,0,1,0,0,0,0,0,0,0,0,0,0,49,0,7,0,0,0,4,0,0,0,0,0,0,0
435,"MARBURG","KAS",73,4,1,98,4,0,2,2,1,0,0,0,0,0,0,0,0,0,0,100,0,5,0,0,0,2,0,0,0,0,0,0,0
436,"FRANKENBERG","KAS",49,0,5,68,0,0,5,0,0,0,0,0,0,0,0,0,0,0,0,68,0,0,0,0,0,5,0,0,0,0,0,0,0
437,"KIRCHHAIN","KAS",29,14,2,33,22,0,4,0,3,0,0,0,0,0,0,0,0,0,0,33,0,25,0,0,0,4,0,0,0,0,0,0,0
438,"ZIEGENHAIN","KAS",67,0,3,82,0,0,3,0,0,0,0,0,0,0,0,0,0,0,0,82,0,0,0,0,0,3,0,0,0,0,0,0,0
439,"FULDA","KAS",2,40,1,6,80,0,1,1,10,0,0,0,1,0,0,0,0,0,0,7,0,90,1,0,0,1,0,0,0,0,0,0,0
440,"HERSFELD","KAS",60,0,2,85,0,0,3,0,0,0,0,0,0,0,0,0,0,0,0,85,0,0,0,0,0,3,0,0,0,0,0,0,0
441,"HUNFELD","KAS",16,24,7,18,34,0,8,0,0,0,0,0,0,0,0,0,0,0,0,18,0,34,0,0,0,8,0,0,0,0,0,0,0
442,"HANAU","KAS",0,0,0,33,7,0,0,4,0,0,0,0,0,0,0,0,0,0,0,0,0,0,0,0,0,0,0,44,37,7,0,0,0
443,"HANAU","KAS",43,5,3,68,9,0,5,0,1,0,0,1,0,0,1,0,0,0,0,68,2,10,0,0,0,5,0,0,0,0,0,0,0
444,"GELNHAUSEN","KAS",49,16,3,76,31,0,3,1,3,0,0,0,0,0,0,0,0,0,0,77,0,34,0,0,0,3,0,0,0,0,0,0,0
445,"SCHLUCHTERN","KAS",37,10,1,50,19,0,1,0,0,0,0,1,0,0,0,0,0,0,0,50,1,19,0,0,0,1,0,0,0,0,0,0,0
446,"SCHMALKALDEN","KAS",31,0,0,66,0,0,1,0,0,0,0,4,0,0,0,3,0,0,0,66,7,0,0,0,0,1,0,0,0,0,0,0,0
447,"SCHAUMBURG","KAS",39,2,3,83,2,0,3,4,0,0,0,2,0,0,0,0,0,0,0,87,2,2,0,0,0,3,0,0,0,0,0,0,0
448,"GERSFELD","KAS",14,21,2,26,31,0,2,0,0,0,0,0,0,0,0,0,0,0,0,26,0,31,0,0,0,2,0,0,0,0,0,0,0
449,"BIEDENKOPF","WIE",59,0,0,94,0,0,1,4,0,0,0,0,0,0,0,0,0,0,0,98,0,0,0,0,0,1,0,0,0,0,0,0,0
450,"DILLKREIS","WIE",68,0,0,91,2,0,0,1,0,0,0,0,2,0,0,0,0,0,0,84,2,0,0,0,0,0,0,10,8,2,0,0,0
451,"OBERWESTERWALDKREIS","WIE",13,5,0,54,23,0,0,0,0,0,0,0,2,0,0,0,0,0,0,48,2,19,0,0,0,0,0,10,6,4,0,0,0
452,"WESTERBURG","WIE",5,27,0,24,59,0,0,0,5,0,0,0,0,0,0,0,0,0,0,23,0,62,0,0,0,0,0,3,1,2,0,0,0
453,"UNTERWESTERWALDKREIS","WIE",10,21,0,25,71,0,0,0,14,0,0,1,0,0,0,0,0,0,0,22,1,77,0,0,0,0,0,11,3,8,0,0,0
454,"OBERLAHNKREIS","WIE",40,9,0,74,20,0,0,2,5,0,0,0,0,0,0,0,0,0,0,71,0,24,0,0,0,0,0,6,5,1,0,0,0
455,"LIMBURG","WIE",10,37,0,22,80,0,0,0,21,0,0,0,0,0,0,0,0,0,0,16,0,78,0,0,0,0,0,29,6,23,0,0,0
456,"UNTERLAHNKREIS","WIE",40,5,0,95,14,0,1,2,5,0,0,0,0,0,0,0,0,0,0,71,0,8,0,0,0,1,0,37,26,11,0,0,0
457,"SANKT GOARSHAUSEN","WIE",32,13,0,50,36,0,0,1,6,0,0,0,3,0,0,0,0,0,0,34,3,22,0,0,0,0,0,37,17,20,0,0,0
458,"RHEINGAUKREIS","WIE",0,32,0,3,51,0,0,0,21,0,0,1,1,0,0,0,0,0,0,0,0,54,2,0,0,0,0,21,3,18,0,0,0
459,"WIESBADEN","WIE",25,8,0,59,29,0,0,5,4,0,0,0,0,0,0,0,0,0,0,29,0,9,0,0,0,0,0,59,35,24,0,0,0
460,"UNTERTAUNUSKREIS","WIE",47,10,0,78,22,0,0,2,0,0,0,2,4,0,0,0,0,0,0,66,4,16,2,0,0,0,0,20,14,6,0,0,0
461,"USINGEN","WIE",26,9,0,44,19,0,0,0,0,0,0,0,0,0,0,0,0,0,0,39,0,15,0,0,0,0,0,9,5,4,0,0,0
462,"OBERTAUNUSKREIS","WIE",11,25,0,27,55,0,0,0,0,0,0,3,2,0,0,0,0,0,0,17,0,42,1,0,0,0,0,23,10,13,0,0,4
463,"HOCHST","WIE",14,13,0,28,36,0,0,0,9,0,0,1,3,0,2,0,0,0,0,13,2,20,4,0,0,0,0,40,15,25,0,0,0
464,"FRANKFURT","WIE",18,4,0,79,22,0,0,9,3,0,0,0,2,0,3,0,0,0,0,49,2,17,0,0,0,0,0,47,39,8,0,0,3
465,"WIESBADEN","WIE",0,0,0,42,23,0,0,0,0,0,0,0,0,0,0,0,0,0,0,1,0,0,0,0,0,0,0,64,41,23,0,0,0
466,"FRANKFURT","WIE",0,0,0,124,59,0,3,33,16,0,4,0,6,0,0,1,1,0,1,36,1,29,5,0,0,5,1,169,121,46,0,2,2
467,"KOBLENZ","KOB",0,0,0,9,24,0,0,0,20,0,0,0,0,0,0,0,0,0,0,9,0,44,0,0,0,0,0,0,0,0,0,0,0
468,"KOBLENZ","KOB",3,33,0,7,67,0,0,1,43,0,0,1,0,0,0,0,0,0,0,6,1,105,0,0,0,0,0,7,2,5,0,0,0
469,"SANKT GOAR","KOB",12,32,0,19,72,0,0,0,13,0,0,0,0,0,0,0,0,0,0,15,0,81,0,0,0,0,0,8,4,4,0,0,0
470,"KREUZNACH","KOB",54,35,0,101,70,0,0,0,11,0,0,0,1,0,0,0,0,0,0,94,1,78,0,0,0,0,0,10,7,3,0,0,0
471,"SIMMERN","KOB",42,26,0,73,49,0,0,0,1,0,0,0,1,0,0,0,0,0,0,73,1,50,0,0,0,0,0,0,0,0,0,0,0
472,"ZELL","KOB",12,23,0,25,46,0,0,1,12,0,0,0,0,0,0,0,0,0,0,21,0,56,0,0,0,0,0,7,5,2,0,0,0
473,"KOCHEM","KOB",0,42,0,0,77,0,0,0,25,0,0,0,0,0,0,0,0,0,0,0,0,102,0,0,0,0,0,0,0,0,0,0,0
474,"MAYEN","KOB",2,45,1,2,97,0,1,0,43,0,0,0,0,0,0,0,0,0,0,2,0,140,0,0,0,1,0,0,0,0,0,0,0
475,"ADENAU","KOB",0,18,0,0,65,0,0,0,5,0,0,0,0,0,0,0,0,0,0,0,0,70,0,0,0,0,0,0,0,0,0,0,0
476,"AHRWEILER","KOB",2,25,0,2,69,0,0,0,23,0,0,0,0,0,0,0,0,0,0,2,0,92,0,0,0,0,0,0,0,0,0,0,0
477,"NEUWIED","KOB",16,14,2,71,76,0,3,0,29,0,0,2,1,0,0,0,0,0,0,71,3,105,0,0,0,3,0,0,0,0,0,0,0
478,"ALTENKIRCHEN","KOB",14,10,0,83,65,0,0,0,4,0,0,0,0,0,0,0,0,0,0,80,0,68,0,0,0,0,0,4,3,1,0,0,0
479,"WETZLAR","KOB",80,1,0,115,2,0,0,0,2,0,0,0,0,0,0,0,0,0,0,115,0,4,0,0,0,0,0,0,0,0,0,0,0
480,"MEISENHEIM","KOB",25,5,0,32,5,0,1,0,0,0,0,0,0,0,0,0,0,0,0,32,0,5,0,0,0,1,0,0,0,0,0,0,0
481,"KLEVE","DUS",9,6,2,16,68,0,3,2,43,0,0,0,0,0,0,0,0,0,0,18,0,111,0,0,0,3,0,0,0,0,0,0,0
482,"REES","DUS",16,7,3,43,46,0,4,7,43,0,0,0,0,0,0,0,0,0,0,50,0,89,0,0,0,4,0,0,0,0,0,0,0
483,"KREFELD","DUS",0,0,0,36,126,0,2,6,51,0,0,0,0,0,0,0,0,0,0,29,0,162,0,0,0,2,0,28,13,15,0,0,0
484,"KREFELD","DUS",1,0,0,2,46,0,0,0,32,0,0,0,0,0,0,0,0,0,0,2,0,78,0,0,0,0,0,0,0,0,0,0,0
485,"DUISBURG","DUS",0,0,0,59,57,0,1,2,8,0,0,0,0,0,0,1,0,0,0,57,1,64,0,0,0,0,0,6,4,1,0,1,0
486,"MULHEIM","DUS",6,0,0,107,56,0,1,12,26,0,0,0,0,0,0,0,1,0,0,114,0,81,1,0,0,0,0,7,5,1,0,1,0
487,"RUHRORT","DUS",13,4,2,94,43,0,2,4,23,0,0,0,0,0,0,0,0,0,0,98,0,66,0,0,0,2,0,0,0,0,0,0,0
488,"ESSEN","DUS",0,0,3,57,49,0,3,0,46,0,0,0,0,0,0,0,0,0,0,56,0,96,0,0,0,3,0,0,0,0,0,0,0
489,"ESSEN","DUS",2,1,1,75,147,0,1,16,109,0,0,0,0,0,0,0,2,0,0,91,0,256,2,0,0,1,0,0,0,0,0,0,0
490,"MORS","DUS",16,4,0,76,51,0,0,3,26,0,0,0,0,0,0,0,0,0,0,79,0,77,0,0,0,0,0,0,0,0,0,0,0
491,"GELDERN","DUS",4,4,1,6,58,0,1,0,51,0,0,0,0,0,0,0,0,0,0,6,0,109,0,0,0,1,0,0,0,0,0,0,0
492,"KEMPEN","DUS",6,0,0,9,110,0,1,1,85,0,0,3,0,0,0,0,0,0,0,9,0,194,2,0,0,1,0,2,1,1,0,0,1
493,"DUSSELDORF","DUS",0,0,0,31,109,0,0,15,86,0,0,0,0,0,0,0,0,0,0,45,0,192,0,0,0,0,0,4,1,3,0,0,0
494,"DUSSELDORF","DUS",13,4,1,27,73,0,1,9,34,0,0,1,2,0,0,0,0,0,0,32,2,102,1,0,0,1,0,9,4,5,0,0,0
495,"ELBERFELD","DUS",0,0,0,189,62,0,0,13,4,0,0,0,0,0,0,0,0,0,0,200,0,65,0,0,0,0,0,3,2,1,0,0,0
496,"BARMEN","DUS",5,0,0,173,29,0,0,36,8,0,0,0,1,0,0,1,0,0,0,209,1,37,1,0,0,0,0,0,0,0,0,0,0
497,"METTMANN","DUS",11,1,0,104,27,0,0,13,8,0,0,0,0,0,0,0,0,0,0,117,0,35,0,0,0,0,0,0,0,0,0,0,0
498,"REMSCHEID","DUS",4,1,0,58,6,0,0,20,2,0,0,0,0,0,0,0,0,0,0,78,0,8,0,0,0,0,0,0,0,0,0,0,0
499,"LENNEP","DUS",10,4,0,121,20,0,0,10,1,0,0,0,0,0,0,0,0,0,0,127,0,19,0,0,0,0,0,6,4,2,0,0,0
500,"SOLINGEN","DUS",8,1,0,160,65,0,0,24,25,0,0,0,0,0,0,0,0,0,0,132,0,72,0,0,0,0,0,70,52,18,0,0,0
501,"NEUSS","DUS",1,1,1,2,62,0,1,1,55,0,0,0,0,0,0,0,0,0,0,3,0,117,0,0,0,1,0,0,0,0,0,0,0
502,"GREVENBROICH","DUS",4,1,0,17,60,0,0,3,29,0,0,0,1,0,0,0,0,0,0,20,0,89,1,0,0,0,0,0,0,0,0,0,0
503,"MUNCHEN GLADBACH","DUS",0,0,1,13,37,0,2,4,39,0,0,0,0,0,0,0,0,0,0,17,0,76,0,0,0,2,0,0,0,0,0,0,0
504,"GLADBACH","DUS",3,3,1,44,105,0,2,0,59,0,0,0,0,0,0,0,0,0,0,44,0,164,0,0,0,2,0,0,0,0,0,0,0
505,"WIPPERFURTH","KOL",2,0,0,5,40,0,0,0,19,0,0,0,0,0,0,0,0,0,0,5,0,59,0,0,0,0,0,0,0,0,0,0,0
506,"WALDBROL","KOL",1,3,0,34,21,0,0,0,1,0,0,0,0,0,0,0,0,0,0,34,0,22,0,0,0,0,0,0,0,0,0,0,0
507,"GUMMERSBACH","KOL",8,1,0,72,4,0,0,0,1,0,0,1,0,0,0,0,0,0,0,72,1,5,0,0,0,0,0,0,0,0,0,0,0
508,"SIEGKREIS","KOL",3,2,1,21,135,0,1,0,52,0,0,0,2,0,0,0,0,0,0,19,2,186,0,0,0,1,0,3,2,1,0,0,0
509,"MULHEIM","KOL",1,1,0,18,111,0,0,4,66,0,0,0,0,0,0,0,0,0,0,22,0,177,0,0,0,0,0,0,0,0,0,0,0
510,"KOLN","KOL",0,0,1,38,146,0,3,1,154,0,3,0,0,0,0,0,0,0,0,34,0,295,0,0,0,6,0,10,5,5,0,0,0
511,"KOLN","KOL",1,0,0,24,188,0,0,5,161,0,0,1,1,0,0,0,0,0,0,29,0,349,2,0,0,0,0,0,0,0,0,0,0
512,"BERGHEIM","KOL",1,3,0,1,67,0,1,0,41,0,0,0,0,0,0,0,0,0,0,1,0,108,0,0,0,1,0,0,0,0,0,0,0
513,"EUSKIRCHEN","KOL",0,4,1,0,68,0,1,0,41,0,0,0,0,0,0,0,0,0,0,0,0,109,0,0,0,1,0,0,0,0,0,0,0
514,"RHEINBACH","KOL",0,10,0,0,61,0,0,0,22,0,0,0,0,0,0,0,0,0,0,0,0,83,0,0,0,0,0,0,0,0,0,0,0
515,"BONN","KOL",0,0,0,6,27,0,0,4,28,0,0,0,0,0,0,0,0,0,0,10,0,55,0,0,0,0,0,0,0,0,0,0,0
516,"BONN","KOL",0,3,0,1,73,0,0,0,54,0,0,0,0,0,0,0,0,0,0,1,0,127,0,0,0,0,0,0,0,0,0,0,0
517,"DAUN","TRI",0,0,0,0,68,0,0,0,12,0,0,0,0,0,0,0,0,0,0,0,0,80,0,0,0,0,0,0,0,0,0,0,0
518,"PRUM","TRI",0,7,0,0,81,0,0,0,17,0,0,0,0,0,0,0,0,0,0,0,0,98,0,0,0,0,0,0,0,0,0,0,0
519,"BITBURG","TRI",0,5,1,0,84,0,1,0,36,0,0,0,0,0,0,0,0,0,0,0,0,120,0,0,0,1,0,0,0,0,0,0,0
520,"WITTLICH","TRI",0,4,1,0,64,0,1,0,31,0,0,0,0,0,0,0,0,0,0,0,0,95,0,0,0,1,0,0,0,0,0,0,0
521,"BERNKASTEL","TRI",18,15,1,38,52,0,2,0,36,0,0,0,0,0,0,0,0,0,0,37,0,87,0,0,0,2,0,2,1,1,0,0,0
522,"TRIER","TRI",1,2,0,3,24,0,1,3,24,0,0,0,0,0,0,0,0,0,0,6,0,48,0,0,0,1,0,0,0,0,0,0,0
523,"TRIER","TRI",3,35,1,3,122,0,1,1,58,0,0,0,0,0,0,0,0,0,0,4,0,180,0,0,0,1,0,0,0,0,0,0,0
524,"SAARBURG","TRI",0,22,0,0,53,0,0,0,28,0,0,0,0,0,0,0,0,0,0,0,0,81,0,0,0,0,0,0,0,0,0,0,0
525,"MERZIG","TRI",0,9,0,1,59,0,0,0,41,0,0,0,0,0,0,0,0,0,0,1,0,100,0,0,0,0,0,0,0,0,0,0,0
526,"SAARLOUIS","TRI",1,14,1,2,97,0,1,0,71,0,0,0,0,0,0,0,0,0,0,1,0,159,0,0,0,1,0,10,1,9,0,0,0
527,"SAARBRUCKEN","TRI",8,4,0,105,121,0,0,25,54,0,0,2,6,0,0,0,0,0,0,109,7,157,1,0,0,0,0,39,21,18,0,0,0
528,"OTTWEILER","TRI",3,0,3,57,72,0,3,11,59,0,0,0,2,0,0,0,0,0,0,66,1,129,1,0,0,3,0,4,2,2,0,0,0
529,"SANKT WENDEL","TRI",26,11,0,67,46,0,1,4,23,0,0,2,0,0,1,0,0,0,0,69,0,67,3,0,0,1,0,4,2,2,0,0,0
530,"ERKELENZ","AAC",2,5,0,6,81,0,0,0,9,0,0,0,0,0,0,0,0,0,0,6,0,90,0,0,0,0,0,0,0,0,0,0,0
531,"HEINSBERG","AAC",2,13,0,3,68,0,0,0,15,0,0,1,0,0,0,0,0,0,0,3,0,83,1,0,0,0,0,0,0,0,0,0,0
532,"GEILENKIRCHEN","AAC",1,13,0,2,51,0,0,0,10,0,0,0,0,0,0,0,0,0,0,2,0,61,0,0,0,0,0,0,0,0,0,0,0
533,"JULICH","AAC",2,25,1,3,88,0,2,1,13,0,0,0,0,0,0,0,0,0,0,4,0,101,0,0,0,2,0,0,0,0,0,0,0
534,"DUREN","AAC",0,28,1,4,136,0,1,1,55,0,0,0,0,0,0,0,0,0,0,5,0,191,0,0,0,1,0,0,0,0,0,0,0
535,"AACHEN","AAC",0,0,1,4,81,0,2,4,84,0,0,0,0,0,0,0,0,0,0,8,0,165,0,0,0,2,0,0,0,0,0,0,0
536,"AACHEN","AAC",2,9,1,8,145,0,1,2,88,0,0,0,0,0,0,1,1,0,0,10,1,233,1,0,0,1,0,0,0,0,0,0,0
537,"EUPEN","AAC",1,1,0,2,31,0,0,0,26,0,0,0,0,0,0,0,0,0,0,2,0,57,0,0,0,0,0,0,0,0,0,0,0
538,"MONTJOIE","AAC",0,3,0,3,38,0,0,0,6,0,0,0,0,0,0,0,0,0,0,3,0,44,0,0,0,0,0,0,0,0,0,0,0
539,"SCHLEIDEN","AAC",3,15,0,7,111,0,0,0,13,0,0,0,0,0,0,0,0,0,0,7,0,124,0,0,0,0,0,0,0,0,0,0,0
540,"MALMEDY","AAC",1,1,0,1,88,0,0,0,10,0,0,0,0,0,0,0,0,0,0,1,0,98,0,0,0,0,0,0,0,0,0,0,0
541,"SIGMARINGEN","SIG",1,29,0,1,56,0,0,0,4,0,0,0,0,0,0,0,0,0,0,1,0,60,0,0,0,0,0,0,0,0,0,0,0
542,"GAMMERTINGEN","SIG",0,24,0,0,40,0,0,0,0,0,0,0,0,0,0,0,0,0,0,0,0,40,0,0,0,0,0,0,0,0,0,0,0
543,"HECHINGEN","SIG",1,23,0,1,52,0,1,0,0,0,0,0,0,0,0,0,0,0,0,1,0,52,0,0,0,1,0,0,0,0,0,0,0
544,"HAIGERLOCH","SIG",1,19,2,1,31,0,2,0,0,0,0,0,0,0,0,0,0,0,0,1,0,31,0,0,0,2,0,0,0,0,0,0,0
