kreiskey1892,county,rb,wage1892_ov16_m_ur,wage1892_ov16_m_ru,wage1892_ov16_f_ur,wage1892_ov16_f_ru,wage1892_un16_m_ur,wage1892_un16_m_ru,wage1892_un16_f_ur,wage1892_un16_f_ru
1,"MEMEL","KON",1.5,1.25,1,.75,.8,.7,.7,.5
2,"FISCHHAUSEN","KON",1.8,1.31,1.1,.71,1,.51,.75,.41
3,"KONIGSBERG","KON",2.5,,1,,1.25,,.4,
4,"KONIGSBERG","KON",,1.25,,.75,,.5,,.5
5,"LABIAU","KON",1.6,1.4,1,1,1,1,.6,.6
6,"WEHLAU","KON",1.2,1.3,.77,.7,.7,.7,.5,.6
7,"GERDAUEN","KON",1.23,1.2,.63,.8,.58,.5,.45,.5
8,"RASTENBURG","KON",1.13,1.4,.67,.8,.57,.8,.43,.5
9,"FRIEDLAND","KON",1.18,1.2,.7,.7,.58,.5,.43,.4
10,"PREUSSISCH EYLAU","KON",1.07,1.2,.7,.9,.7,.8,.43,.5
11,"HEILIGENBEIL","KON",1.4,1.2,.95,.8,.78,.8,.55,.4
12,"BRAUNSBERG","KON",1.4,1.5,.85,.85,.75,.6,.51,.5
13,"HEILSBERG","KON",1,1,.7,.7,.5,.4,.33,.3
14,"ROSSEL","KON",1.2,1.15,.7,.9,.58,.9,.45,.85
15,"ALLENSTEIN","KON",1.3,1.2,.85,.6,.95,.4,.6,.25
16,"ORTELSBURG","KON",1.17,1.2,.67,.9,.67,.8,.48,.5
17,"NEIDENBURG","KON",1.4,1.2,.9,.6,.8,.6,.5,.4
18,"OSTERODE","KON",1.31,1.2,1,.9,.7,.7,.6,.6
19,"MOHRUNGEN","KON",1.35,1.2,.73,.7,.72,.7,.43,.4
20,"PREUSSISCH HOLLAND","KON",1.45,1.4,.9,.8,.63,.6,.53,.6
21,"HEYDEKRUG","GUM",,1.2,,.7,,.6,,.4
22,"NIEDERUNG","GUM",,1.2,,.7,,.6,,.4
23,"TILSIT","GUM",1.4,1.2,.7,.7,.6,.6,.4,.4
24,"RAGNIT","GUM",1.2,1.2,.7,.7,.6,.6,.4,.4
25,"PILLKALLEN","GUM",1.2,1.2,.7,.7,.6,.6,.4,.4
26,"STALLUPONEN","GUM",1.2,1.2,.7,.7,.6,.6,.4,.4
27,"GUMBINNEN","GUM",1.2,1.2,.7,.7,.6,.6,.4,.4
28,"INSTERBURG","GUM",1.7,1.5,1.1,.9,1.1,.8,.7,.5
29,"DARKEHMEN","GUM",1.5,1.5,.9,.9,.8,.8,.7,.7
30,"ANGERBURG","GUM",1,1,.6,.6,.6,.6,.4,.4
31,"GOLDAP","GUM",1.2,1.2,.7,.7,.6,.6,.4,.4
32,"OLETZKO","GUM",1,1,.6,.6,.6,.6,.4,.4
33,"LYCK","GUM",1,1,.6,.6,.6,.6,.4,.4
34,"LOTZEN","GUM",1,1,.6,.6,.6,.6,.4,.4
35,"SENSBURG","GUM",1,1,.6,.6,.6,.6,.4,.4
36,"JOHANNISBURG","GUM",1,1,.6,.6,.6,.6,.4,.4
37,"ELBING","DAN",1.5,,1,,.65,,.55,
38,"ELBING","DAN",1.4,1.4,.85,.85,.75,.75,.6,.6
39,"MARIENBURG","DAN",1.63,1.4,.88,.85,.85,.75,.62,.6
40,"DANZIG","DAN",1.8,,1,,.65,,.55,
41,"DANZIG NIEDERUNG","DAN",,1.4,,.75,,.7,,.6
42,"DANZIG HOHE","DAN",,1.41,,.8,,.75,,.6
43,"DIRSCHAU","DAN",1.7,1.4,.9,.75,.8,.5,.6,.5
44,"PREUSSISCH STARGARD","DAN",1.5,1.4,.8,.75,1,.75,.6,.6
45,"BERENT","DAN",1.3,1.3,.9,.9,.7,.7,.5,.5
46,"KARTHAUS","DAN",,1.01,,.75,,.51,,.31
47,"NEUSTADT","DAN",1.55,1.25,.9,.8,1,.75,.55,.55
48,"PUTZIG","DAN",1.25,1.25,1,1,.8,.8,.75,.75
49,"STUHM","MAR",1.4,1.25,.95,.8,.8,.6,.63,.5
50,"MARIENWERDER","MAR",1.5,1.2,.9,.75,.72,.5,.55,.5
51,"ROSENBERG","MAR",1.23,1.2,.76,.75,.57,.6,.49,.6
52,"LOBAU","MAR",1.2,1.5,.78,.75,.72,.5,.47,.4
53,"STRASBURG","MAR",1.47,1.5,1.07,1.1,.83,.8,.77,.75
54,"BRIESEN","MAR",1.27,1.1,.87,.75,.67,.6,.62,.5
55,"THORN","MAR",1.3,1.1,.9,.9,.73,.7,.58,.55
56,"KULM","MAR",1.6,1.2,.9,.9,.6,.6,.5,.5
57,"GRAUDENZ","MAR",1.45,1.4,.88,.8,.78,.6,.63,.5
58,"SCHWETZ","MAR",1.25,1.5,.9,.8,.8,1,.6,.55
59,"TUCHEL","MAR",1.2,1.2,.9,.9,.7,.7,.7,.7
60,"KONITZ","MAR",1.4,1.3,.7,.9,.5,.75,.5,.65
61,"SCHLOCHAU","MAR",1.25,1.1,.81,.8,.75,.65,.59,.6
62,"FLATOW","MAR",1.38,1.2,.9,.6,.78,.5,.64,.4
63,"DEUTSCH KRONE","MAR",1.27,1,.77,.7,.64,.5,.43,.3
64,"BERLIN","BER",2.7,,1.5,,1.3,,1,
65,"PRENZLAU","POT",1.47,1.4,.87,.8,.6,.6,.4,.4
66,"TEMPLIN","POT",1.4,1.3,.8,.75,.8,.75,.6,.6
67,"ANGERMUNDE","POT",1.58,1.4,.93,.75,.85,.6,.63,.5
68,"OBERBARNIM","POT",1.75,1.42,1.03,.81,.79,.61,.63,.51
69,"NIEDERBARNIM","POT",1.75,1.64,1,.86,.9,.76,.7,.55
70,"CHARLOTTENBURG","POT",2.5,,1.5,,1,,.75,
71,"TELTOW","POT",1.82,1.73,1.03,1.02,.82,.82,.63,.64
72,"BEESKOW-STORKOW","POT",1.25,1.26,.9,.91,.8,.81,.7,.7
73,"JUTERBOG-LUCKENWALDE","POT",1.32,1.2,.88,.8,.73,.65,.66,.6
74,"ZAUCH-BELZIG","POT",1.25,1.25,.8,.8,.7,.7,.55,.55
75,"POTSDAM","POT",2,,1,,.5,,.5,
76,"SPANDAU","POT",2.5,,1.5,,.8,,.8,
77,"OSTHAVELLAND","POT",1.8,1.8,.9,.9,.9,.9,.6,.6
78,"BRANDENBURG","POT",2,,1.2,,.9,,.9,
79,"WESTHAVELLAND","POT",1.6,1.6,1,1,.94,.9,.67,.65
80,"RUPPIN","POT",1.43,1.4,.83,.8,.51,.5,.51,.5
81,"OSTPRIGNITZ","POT",1.5,1.5,1,1,.6,.6,.5,.5
82,"WESTPRIGNITZ","POT",1.58,1.5,1,1,.58,.5,.58,.5
83,"KONIGSBERG","FRA",1.36,1.3,.83,.8,.63,.6,.6,.6
84,"SOLDIN","FRA",1.2,1.2,.8,.8,.6,.6,.6,.6
85,"ARNSWALDE","FRA",1.2,1.2,.8,.8,.6,.6,.5,.5
86,"FRIEDEBERG","FRA",1.2,1.2,.8,.8,.6,.6,.6,.6
87,"LANDSBERG","FRA",1.4,,.9,,.6,,.6,
88,"LANDSBERG","FRA",,1.2,,.8,,.6,,.6
89,"LEBUS","FRA",1.43,1.4,.83,.8,.62,.6,.62,.6
90,"FRANKFURT","FRA",1.8,,1.1,,1,,.7,
91,"WESTSTERNBERG","FRA",1.2,1.2,.7,.7,.6,.6,.5,.5
92,"OSTSTERNBERG","FRA",1.2,1.2,.8,.8,.6,.6,.6,.6
93,"ZULLICHAU-SCHWIEBUS","FRA",1.2,1.2,.8,.6,.6,.4,.6,.4
94,"KROSSEN","FRA",1.3,1.2,.87,.8,.67,.6,.67,.6
95,"GUBEN","FRA",1.5,,1,,.75,,.75,
96,"GUBEN","FRA",1.2,1.2,.8,.8,.5,.5,.5,.5
97,"LUBBEN","FRA",1.3,1.2,.9,.8,.67,.6,.6,.6
98,"LUCKAU","FRA",1.45,1.2,.97,.8,.77,.6,.77,.6
99,"KALAU","FRA",1.2,1.2,.8,.8,.6,.6,.6,.6
100,"KOTTBUS","FRA",1.5,,1,,.6,,.6,
101,"KOTTBUS","FRA",1.5,1.5,1,1,.8,.8,.8,.8
102,"SORAU","FRA",1.3,1.2,.88,.8,.63,.6,.63,.6
103,"SPREMBERG","FRA",1.2,1.2,.8,.8,.6,.6,.5,.5
104,"DEMMIN","STE",1.58,1.5,.93,.9,.76,.7,.58,.5
105,"ANKLAM","STE",1.75,1.4,1,.8,.75,.6,.75,.4
106,"USEDOM-WOLLIN","STE",1.8,1.8,1,1,.8,.8,.6,.6
107,"UCKERMUNDE","STE",1.5,1.5,.9,.9,.7,.7,.5,.5
108,"RANDOW","STE",1.6,1.51,.92,.9,.76,.7,.55,.5
109,"STETTIN","STE",2.25,,1,,1,,.6,
110,"GREIFENHAGEN","STE",1.4,1.4,.8,.8,.6,.6,.4,.4
111,"PYRITZ","STE",1.4,1.4,.8,.8,.6,.6,.4,.4
112,"SAATZIG","STE",1.52,1.5,.92,.9,.72,.7,.5,.5
113,"NAUGARD","STE",1.5,1.5,.9,.9,.7,.7,.5,.5
114,"KAMMIN","STE",1.5,1.5,.9,.9,.7,.7,.5,.5
115,"GREIFENBERG","STE",1.4,1.4,.8,.8,.6,.6,.4,.4
116,"REGENWALDE","STE",1.4,1.4,.8,.8,.6,.6,.4,.4
117,"SCHIVELBEIN","KOS",1.3,1.25,.8,.8,.7,.7,.6,.6
118,"DRAMBURG","KOS",1.4,1.4,.93,.9,.77,.7,.6,.6
119,"NEUSTETTIN","KOS",1.38,1.4,.85,1,.68,.8,.56,.65
120,"BELGARD","KOS",1.45,1.25,.9,.8,.8,.7,.63,.6
121,"KOLBERG-KORLIN","KOS",1.5,1.5,1,1,.8,.7,.63,.65
122,"KOSLIN","KOS",1.5,1.4,1,1,.8,.8,.65,.65
123,"BUBLITZ","KOS",1.2,1.2,.7,.7,.5,.5,.5,.5
124,"SCHLAWE","KOS",1.33,1.4,.88,1,.68,.7,.55,.6
125,"RUMMELSBURG","KOS",1.4,1.25,.8,.8,.7,.7,.6,.6
126,"STOLP","KOS",1.6,1.5,1.1,1,.8,.8,.65,.6
127,"LAUENBURG","KOS",1.4,1.4,.9,.9,.8,.8,.6,.6
128,"BUTOW","KOS",1.4,1.25,.8,.8,.7,.7,.5,.5
129,"RUGEN","STR",1.5,1.5,.9,.9,.5,.5,.4,.4
130,"STRALSUND","STR",1.75,,1,,1,,.5,
131,"FRANZBURG","STR",1.5,1.5,.9,.9,.5,.5,.4,.4
132,"GREIFSWALD","STR",1.5,1.5,.93,.9,.53,.5,.4,.4
133,"GRIMMEN","STR",1.5,1.5,.9,.9,.5,.5,.4,.4
134,"WRESCHEN","POS",1.2,1.2,.7,.7,.6,.6,.4,.4
135,"JAROTSCHIN","POS",1.05,1.05,.7,.7,.6,.6,.4,.4
136,"SCHRODA","POS",1.2,1.2,.7,.7,.6,.6,.4,.4
137,"SCHRIMM","POS",1.2,1.2,.7,.7,.6,.6,.4,.4
138,"POSEN","POS",1.6,,1,,.75,,.5,
139,"POSEN OST","POS",1.2,1.2,.7,.7,.6,.6,.4,.4
140,"POSEN WEST","POS",1.2,1.2,.7,.7,.6,.6,.4,.4
141,"OBORNIK","POS",1.05,1.05,.7,.7,.6,.6,.4,.4
142,"SAMTER","POS",1.15,1.15,.7,.7,.6,.6,.4,.4
143,"BIRNBAUM","POS",1.2,1.2,.7,.7,.6,.6,.4,.4
144,"SCHWERIN","POS",1.15,1.15,.7,.7,.6,.6,.4,.4
145,"MESERITZ","POS",1.15,1.15,.7,.7,.6,.6,.4,.4
146,"NEUTOMISCHEL","POS",1.3,1.3,.9,.9,.7,.7,.45,.45
147,"GRATZ","POS",1.2,1.2,.7,.7,.6,.6,.4,.4
148,"BOMST","POS",1.15,1.15,.7,.7,.6,.6,.4,.4
149,"FRAUSTADT","POS",1.05,1.05,.7,.7,.6,.6,.4,.4
150,"SCHMIEGEL","POS",1.05,1.05,.7,.7,.6,.6,.4,.4
151,"KOSTEN","POS",1.05,1.05,.7,.7,.6,.6,.4,.4
152,"LISSA","POS",1.16,1.05,.73,.7,.61,.6,.44,.4
153,"RAWITSCH","POS",1.22,1.15,.72,.7,.64,.6,.44,.4
154,"GOSTYN","POS",1.05,1.05,.7,.7,.6,.6,.4,.4
155,"KOSCHMIN","POS",1.15,1.15,.7,.7,.6,.6,.4,.4
156,"KROTOSCHIN","POS",1.2,1.2,.7,.7,.6,.6,.4,.4
157,"PLESCHEN","POS",1.05,1.05,.7,.7,.6,.6,.4,.4
158,"OSTROWO","POS",1.05,1.05,.7,.7,.6,.6,.4,.4
159,"ADELNAU","POS",1.05,1.05,.7,.7,.6,.6,.4,.4
160,"SCHILDBERG","POS",1.05,1.05,.7,.7,.6,.6,.4,.4
161,"KEMPEN","POS",1.2,1.2,.7,.7,.6,.6,.4,.4
162,"FILEHNE","BRO",1.4,1.4,.9,.9,.8,.8,.6,.6
163,"CZARNIKAU","BRO",1.4,1.4,.9,.9,.8,.8,.6,.6
164,"KOLMAR","BRO",1.47,1.4,.93,.9,.87,.8,.65,.6
165,"WIRSITZ","BRO",1.43,1.4,.92,.9,.83,.8,.63,.6
166,"BROMBERG","BRO",2,,1,,1,,.75,
167,"BROMBERG","BRO",1.47,1.43,.93,.91,.87,.83,.65,.62
168,"SCHUBIN","BRO",1.4,1.4,.9,.9,.8,.8,.6,.6
169,"HOHENSALZA","BRO",1.5,1.4,.95,.9,.9,.8,.68,.6
170,"STRELNO","BRO",1.4,1.4,.9,.9,.8,.8,.6,.6
171,"MOGILNO","BRO",1.4,1.4,.9,.9,.8,.8,.6,.6
172,"ZNIN","BRO",1.4,1.4,.9,.9,.8,.8,.6,.6
173,"WONGROWITZ","BRO",1.4,1.4,.9,.9,.8,.8,.6,.6
174,"GNESEN","BRO",1.5,1.4,.95,.9,.9,.8,.68,.6
175,"WITKOWO","BRO",1.4,1.4,.9,.9,.8,.8,.6,.6
176,"NAMSLAU","BRE",1,1,.6,.6,.6,.6,.4,.4
177,"GROSS WARTENBERG","BRE",1,1,.6,.6,.6,.6,.4,.4
178,"OLS","BRE",.9,.9,.6,.6,.5,.5,.5,.5
179,"TREBNITZ","BRE",.95,.95,.55,.55,.5,.5,.4,.4
180,"MILITSCH","BRE",.85,.85,.5,.5,.5,.5,.35,.35
181,"GUHRAU","BRE",1,1,.5,.5,.5,.5,.35,.35
182,"STEINAU","BRE",1,1,.6,.6,.6,.6,.45,.45
183,"WOHLAU","BRE",1,1,.5,.5,.5,.5,.35,.35
184,"NEUMARKT","BRE",1.1,1.1,.6,.6,.5,.5,.4,.4
185,"BRESLAU","BRE",2,,1.1,,1,,.8,
186,"BRESLAU","BRE",,1.1,,.65,,.65,,.5
187,"OHLAU","BRE",1.1,1.1,.7,.7,.65,.65,.5,.5
188,"BRIEG","BRE",1,1,.6,.6,.6,.6,.4,.4
189,"STREHLEN","BRE",1,1,.7,.7,.6,.6,.5,.5
190,"NIMPTSCH","BRE",.9,.9,.6,.6,.6,.6,.5,.5
191,"MUNSTERBERG","BRE",1,1,.7,.7,.6,.6,.5,.5
192,"FRANKENSTEIN","BRE",.9,.9,.65,.65,.5,.5,.4,.4
193,"REICHENBACH","BRE",1.1,1.1,.9,.9,.7,.7,.6,.6
194,"SCHWEIDNITZ","BRE",1.43,1.2,.78,.6,.68,.5,.53,.5
195,"STRIEGAU","BRE",1.5,1.1,.8,.7,.65,.55,.65,.5
196,"WALDENBURG","BRE",1.4,1.4,.9,.9,.75,.75,.5,.5
197,"GLATZ","BRE",1,1,.75,.75,.6,.6,.5,.5
198,"NEURODE","BRE",1.3,1.3,.9,.8,.7,.6,.6,.6
199,"HABELSCHWERDT","BRE",1.1,1.1,.7,.7,.7,.7,.5,.5
200,"GRUNBERG","LIE",1.13,1,.73,.6,.6,.5,.5,.45
201,"FREISTADT","LIE",1,1,.6,.6,.5,.5,.4,.4
202,"SAGAN","LIE",1.27,1.2,.8,.7,.65,.6,.47,.4
203,"SPROTTAU","LIE",1.1,1,.68,.6,.5,.5,.43,.35
204,"GLOGAU","LIE",1.3,1.2,.75,.7,.63,.5,.45,.4
205,"LUBEN","LIE",1,1,.5,.5,.45,.45,.4,.4
206,"BUNZLAU","LIE",1.25,1.2,.8,.7,.58,.55,.48,.45
207,"GOLDBERG-HAINAU","LIE",1.3,1,1,.6,.7,.5,.6,.4
208,"LIEGNITZ","LIE",1.5,,1,,.6,,.6,
209,"LIEGNITZ","LIE",1.2,1.2,.7,.7,.55,.55,.45,.45
210,"JAUER","LIE",1,1,.6,.6,.5,.5,.4,.4
211,"SCHONAU","LIE",1,1,.6,.6,.5,.5,.4,.4
212,"BOLKENHAIN","LIE",1.2,1.2,.7,.7,.6,.6,.5,.5
213,"LANDESHUT","LIE",1.2,1.2,.7,.7,.6,.6,.5,.5
214,"HIRSCHBERG","LIE",1.3,1.2,.8,.8,.6,.6,.5,.5
215,"LOWENBERG","LIE",1,1,.7,.7,.6,.6,.5,.5
216,"LAUBAN","LIE",1.25,1.2,.81,.75,.58,.5,.45,.4
217,"GORLITZ","LIE",1.7,,1.1,,.9,,.7,
218,"GORLITZ","LIE",1.15,1.15,.7,.7,.55,.55,.4,.4
219,"ROTHENBURG","LIE",1.15,1,.73,.55,.6,.4,.48,.35
220,"HOYERSWERDA","LIE",1.1,1.1,.75,.75,.7,.7,.5,.5
221,"KREUZBURG","OPP",1.17,1,.7,.7,.67,.5,.57,.4
222,"ROSENBERG","OPP",1.1,1,.8,.7,.7,.6,.5,.4
223,"OPPELN","OPP",1.2,1,.65,.6,.6,.6,.5,.4
224,"GROSS STREHLITZ","OPP",1,1,.67,.6,.63,.6,.47,.4
225,"LUBLINITZ","OPP",.93,.9,.63,.6,.6,.6,.43,.4
226,"TOST-GLEIWITZ","OPP",1.05,.9,.78,.7,.65,.6,.53,.5
227,"TARNOWITZ","OPP",1.5,1.2,.8,.7,1,.6,.6,.5
228,"BEUTHEN","OPP",1.6,,.9,,.9,,.8,
229,"BEUTHEN","OPP",1.4,1.5,1,.8,1,.8,.8,.6
230,"ZABRZE","OPP",,1.39,,.9,,.75,,.55
231,"KATTOWITZ","OPP",1.55,1.5,1,.9,.95,.8,.8,.6
232,"PLESS","OPP",1,1,.7,.7,.5,.5,.4,.4
233,"RYBNIK","OPP",1,1,.6,.6,.5,.5,.4,.4
234,"RATIBOR","OPP",1.15,1,.75,.7,.7,.7,.55,.5
235,"KOSEL","OPP",1.2,.9,.9,.6,.7,.6,.5,.4
236,"LEOBSCHUTZ","OPP",1,.9,.77,.6,.7,.6,.57,.4
237,"NEUSTADT","OPP",1.03,1,.8,.7,.73,.7,.53,.5
238,"FALKENBERG","OPP",1,.9,.77,.7,.7,.7,.57,.5
239,"NEISSE","OPP",1.1,1,.83,.7,.8,.7,.63,.5
240,"GROTTKAU","OPP",1.15,.9,.75,.6,.7,.6,.5,.4
241,"OSTERBURG","MAG",1.58,1.5,1.05,1,1,1,.73,.7
242,"SALZWEDEL","MAG",1.63,1.5,1.13,1,.95,.9,.73,.7
243,"GARDELEGEN","MAG",1.6,1.6,1,1.1,.97,.8,.73,.7
244,"STENDAL","MAG",1.75,1.4,1.08,.8,.95,.7,.78,.6
245,"JERICHOW I","MAG",1.8,1.64,.91,.82,.95,.82,.71,.56
246,"JERICHOW II","MAG",1.58,1.5,.9,.75,.82,.7,.6,.5
247,"KALBE","MAG",1.9,1.86,1.09,1.11,1.08,1.03,.83,.77
248,"WANZLEBEN","MAG",1.58,1.83,1,1.12,.95,1.03,.84,.82
249,"MAGDEBURG","MAG",2,,1.4,,1.2,,1,
250,"WOLMIRSTEDT","MAG",1.75,1.61,1,1,1,1,1,.81
251,"NEUHALDENSLEBEN","MAG",1.9,1.7,1,1,1,1,.75,.8
252,"OSCHERSLEBEN","MAG",1.75,1.8,1.16,1.1,1.08,1.1,.83,.85
253,"ASCHERSLEBEN","MAG",,,,,,,,
254,"QUEDLINBURG","MAG",1.7,1.75,1.07,1.1,1.1,1.1,.93,.8
255,"HALBERSTADT","MAG",2,,1.2,,.9,,.8,
256,"HALBERSTADT","MAG",1.7,1.8,1.1,1.2,1.1,1.2,.8,.8
257,"WERNIGERODE","MAG",1.7,1.7,1.2,1.02,1,.82,.8,.62
258,"LIEBENWERDA","MER",1.2,1.2,.7,.7,.5,.5,.4,.4
259,"TORGAU","MER",1.4,1.4,.7,.7,.75,.75,.6,.6
260,"SCHWEINITZ","MER",1.2,1.2,.7,.7,.5,.5,.4,.4
261,"WITTENBERG","MER",1.5,1.5,.8,.8,.8,.8,.6,.6
262,"BITTERFELD","MER",1.5,1.5,.8,.8,.8,.8,.6,.6
263,"SAALKREIS","MER",1.8,1.8,.95,.95,1,1,.75,.75
264,"HALLE","MER",2.2,,1.1,,1.2,,1,
265,"DELITZSCH","MER",1.43,1.33,.87,.77,.7,.57,.67,.57
266,"MANSFELDER GEBIRGSKR","MER",1.9,1.7,1,.9,1,.9,.8,.7
267,"MANSFELDER SEEKREIS","MER",2,2,1,1,1,1,.75,.75
268,"SANGERHAUSEN","MER",1.58,1.5,1,1,.8,.8,.74,.7
269,"ECKARTSBERGA","MER",1.25,1.25,.75,.75,.75,.75,.6,.6
270,"QUERFURT","MER",1.5,1.5,.8,.8,.8,.8,.8,.8
271,"MERSEBURG","MER",1.56,1.5,1.02,1,.97,1,.8,.8
272,"WEISSENFELS","MER",1.8,1.8,1.2,1.2,1,1,.8,.8
273,"NAUMBURG","MER",1.9,1.8,1.1,1,1.05,.9,.85,.8
274,"ZEITZ","MER",2.2,1.8,1,1,1.2,1,.8,.75
275,"NORDHAUSEN","ERF",1.6,,.9,,.7,,.7,
276,"HOHENSTEIN","ERF",1.33,1.33,1,1,1,1,.67,.67
277,"WORBIS","ERF",1.4,1.4,.8,.8,.6,.6,.6,.6
278,"HEILIGENSTADT","ERF",1.6,1.2,.8,.8,.65,.6,.55,.5
279,"MUHLHAUSEN","ERF",1.7,,1,,.7,,.7,
280,"MUHLHAUSEN","ERF",1.6,1.6,1,1,.8,.8,.7,.7
281,"LANGENSALZA","ERF",1.45,1.5,.9,.9,.7,.7,.67,.6
282,"WEISSENSEE","ERF",1.45,1.4,.9,.9,.7,.7,.6,.6
283,"ERFURT","ERF",2,,1.2,,.9,,.8,
284,"ERFURT","ERF",,1.5,,1,,.8,,.8
285,"ZIEGENRUCK","ERF",1.33,1.47,.93,.99,.77,.79,.63,.69
286,"SCHLEUSINGEN","ERF",1.5,1.5,1,1,.8,.8,.6,.6
287,"HADERSLEBEN","SCH",1.75,1.75,1.25,1.25,.8,.8,.75,.75
288,"APENRADE","SCH",1.8,1.8,1,1.3,.75,1,.75,.9
289,"SONDERBURG","SCH",1.6,1.6,1.2,1.09,.9,.9,.8,.8
290,"FLENSBURG","SCH",2,,1.3,,.8,,.6,
291,"FLENSBURG","SCH",2,1.8,1.3,1.2,.8,.8,.6,.6
292,"SCHLESWIG","SCH",1.8,1.8,1.2,1.2,.9,.9,.7,.7
293,"ECKERNFORDE","SCH",2.2,1.75,1.6,.98,1,.71,.8,.59
294,"EIDERSTEDT","SCH",2.5,2.5,1.5,1.5,1.2,1.2,.9,.9
295,"HUSUM","SCH",2.2,2.2,1.4,1.4,.9,.9,.7,.7
296,"TONDERN","SCH",2.3,2.12,1.28,1.23,1.13,1,.68,.63
297,"OLDENBURG","SCH",1.8,1.8,1.2,1.2,.6,.6,.5,.5
298,"PLON","SCH",2,1.62,1.5,1.21,1,.76,.75,.65
299,"KIEL","SCH",2.7,,1.6,,1,,.8,
300,"KIEL","SCH",2.25,2,1.2,1,.65,.65,.6,.6
301,"RENDSBURG","SCH",2.2,2,1.43,1.35,1,1,.9,.9
302,"NORDERDITHMARSCHEN","SCH",2.2,2.2,1.5,1.5,1,1,.8,.8
303,"SUDERDITHMARSCHEN","SCH",2.1,2.13,1.3,1.33,1,1,.7,.67
304,"STEINBURG","SCH",2.08,2,1.26,1.2,.9,.9,.7,.7
305,"SEGEBERG","SCH",1.8,1.5,1.2,1,.8,.7,.7,.6
306,"STORMARN","SCH",2.12,1.84,1.43,1.22,1.03,.81,.83,.76
307,"PINNEBERG","SCH",2,1.9,1.25,1.15,1,.94,.8,.74
308,"ALTONA","SCH",3,,2,,1,,1,
309,"LAUENBURG","SCH",1.7,1.7,1,1,.9,.9,.7,.7
310,"DIEPHOLZ","HAN",2,2,1.5,1.5,1.2,1.2,1,1
311,"SYKE","HAN",2,2,1,1,1,1,.5,.5
312,"HOYA","HAN",1.5,1.5,1.1,1.1,1,1,.8,.8
313,"NIENBURG","HAN",1.77,1.75,1.1,1.15,1.27,1.15,.9,.9
314,"STOLZENAU","HAN",1.5,1.5,1,1,.8,.8,.6,.6
315,"SULINGEN","HAN",1.8,1.8,1.2,1.2,1.2,1.2,.7,.7
316,"NEUSTADT","HAN",1.63,1.63,1.14,1.14,1,1,.86,.86
317,"HANNOVER","HAN",2.4,,1.5,,1.2,,1,
318,"HANNOVER","HAN",,2,,1.3,,1.3,,1
319,"LINDEN","HAN",2,,1.3,,1,,.7,
320,"LINDEN","HAN",,1.77,,1.04,,1,,.55
321,"SPRINGE","HAN",1.4,1.4,1,1,.7,.7,.6,.6
322,"HAMELN","HAN",1.75,1.5,1.13,1,.75,.75,.5,.5
323,"PEINE","HIL",2.2,1.8,1.2,1.2,1,1,.8,.8
324,"HILDESHEIM","HIL",2,,1.25,,1.1,,1,
325,"HILDESHEIM","HIL",1.5,1.5,1,1,.8,.8,.6,.6
326,"MARIENBURG","HIL",1.5,1.5,1,1,1,1,.6,.6
327,"GRONAU","HIL",1.6,1.6,1,1,.8,.8,.6,.6
328,"ALFELD","HIL",1.8,1.5,1,.81,1,.8,.75,.6
329,"GOSLAR","HIL",1.5,1.59,1,.86,1,.84,.8,.64
330,"OSTERODE AM HARZ","HIL",1.57,1.5,1,1,.73,.8,.7,.7
331,"DUDERSTADT","HIL",1.6,1.5,1.1,1,1,.7,.7,.7
332,"GOTTINGEN","HIL",2,,1,,1,,.6,
333,"GOTTINGEN","HIL",,1.35,,.9,,.8,,.6
334,"MUNDEN","HIL",1.6,1.5,1.07,1,.87,.8,.73,.6
335,"USLAR","HIL",1.5,1.5,1,1,.9,.9,.75,.75
336,"EINBECK","HIL",1.55,1.5,1.05,1,.95,1,.8,.7
337,"NORTHEIM","HIL",1.63,1.6,1.03,1,.87,1,.73,.8
338,"ZELLERFELD","HIL",1.5,1.5,1,1,.75,.75,.6,.6
339,"ILFELD","HIL",1.4,1.4,.7,.7,.7,.7,.5,.5
340,"CELLE","LUN",1.8,,1.2,,1,,1,
341,"CELLE","LUN",,1.75,,1.1,,1,,.8
342,"GIFHORN","LUN",1.5,1.5,1.1,1.1,1,1,.8,.8
343,"BURGDORF","LUN",1.9,1.9,1.25,1.25,1.1,1.1,1,1
344,"ISENHAGEN","LUN",,1.65,,1.15,,.95,,.9
345,"FALLINGBOSTEL","LUN",1.6,1.6,1,1,1,1,.7,.7
346,"SOLTAU","LUN",1.75,1.75,1.25,1.25,1.1,1.1,.9,.9
347,"ULZEN","LUN",1.7,1.7,1,1,.95,.95,.7,.7
348,"LUCHOW","LUN",1.6,1.6,1.2,1.2,.85,.85,.65,.65
349,"DANNENBERG","LUN",1.85,1.85,1.35,1.35,1.35,1.35,1,1
350,"BLECKEDE","LUN",,1.6,,1,,1,,.8
351,"LUNEBURG","LUN",2,,1.2,,1,,.8,
352,"LUNEBURG","LUN",,1.7,,1.2,,.85,,.85
353,"WINSEN","LUN",2,1.65,1.3,1.09,1.3,1.09,.9,.8
354,"HARBURG","LUN",2.4,,1.5,,1.2,,.8,
355,"HARBURG","LUN",,1.72,,1.33,,1.23,,1.07
356,"JORK","STA",2.26,2,1.3,1.62,.9,1.14,.64,.94
357,"STADE","STA",2.13,2,1.65,1.5,1.01,1.26,.8,1
358,"KEHDINGEN","STA",1.96,1.96,1.34,1.34,1.16,1.16,.94,.94
359,"NEUHAUS","STA",2,1.83,1.26,1.15,1.18,1.09,.9,.81
360,"HADELN","STA",2,2,1.26,1.4,.62,1.4,.62,1
361,"LEHE","STA",3,2.35,1.76,1.76,1.5,1.49,1,1.18
362,"GEESTEMUNDE","STA",3,2.49,2,1.57,1.5,1.24,1,1
363,"OSTERHOLZ","STA",2,1.5,1.5,1.26,1.26,1,1,.76
364,"BLUMENTHAL","STA",,2.4,,1.8,,1.2,,.9
365,"VERDEN","STA",2,1.82,1.5,1.48,.5,1.46,.5,1.2
366,"ACHIM","STA",,2.3,,1.5,,1.2,,1
367,"ROTENBURG","STA",1.8,1.8,1.3,1.3,1.1,1.1,1,1
368,"ZEVEN","STA",1.5,1.5,1.2,1.2,1,1,.8,.8
369,"BREMERVORDE","STA",1.86,1.86,1.26,1.26,1,1,.6,.6
370,"MEPPEN","OSN",1.58,1.5,1,1,.83,.75,.6,.6
371,"ASCHENDORF","OSN",1.8,1.5,1,1,.9,.9,.6,.6
372,"HUMMLING","OSN",,1.5,,1,,.75,,.6
373,"LINGEN","OSN",1.8,1.5,1.3,1,.9,.9,.8,.8
374,"BENTHEIM","OSN",1.5,1.5,1.15,1.15,.9,.9,.8,.8
375,"BERSENBRUCK","OSN",1.6,1.5,1.2,1.15,.9,.9,.73,.8
376,"OSNABRUCK","OSN",1.9,,1.3,,1.1,,.8,
377,"OSNABRUCK","OSN",,1.5,,1.15,,.9,,.8
378,"WITTLAGE","OSN",,1.5,,1,,.9,,.6
379,"MELLE","OSN",1.65,1.5,1.15,1,.9,.9,.8,.8
380,"IBURG","OSN",1.5,1.5,1.15,1.15,.9,.9,.8,.8
381,"NORDEN","AUR",2,1.76,1.25,1.16,1.1,.91,.8,.76
382,"EMDEN","AUR",1.9,,1.25,,.6,,.55,
383,"EMDEN","AUR",,1.61,,1,,.71,,.6
384,"WITTMUND","AUR",1.85,1.62,1.15,1.01,.93,.91,.75,.76
385,"AURICH","AUR",1.8,1.5,1.4,1,.9,.75,.6,.5
386,"LEER","AUR",2,1.5,1.5,1,.75,.75,.5,.5
387,"WEENER","AUR",1.5,1.5,.9,.9,.7,.7,.5,.5
388,"TECKLENBURG","MUN",1.67,1.5,1,1,.9,.9,.7,.7
389,"WARENDORF","MUN",1.5,1.5,1,1,.9,.9,.8,.8
390,"BECKUM","MUN",1.7,1.7,1.15,1.15,1.05,1.05,.85,.85
391,"LUDINGHAUSEN","MUN",1.5,1.5,1.2,1.2,.8,.8,.8,.8
392,"MUNSTER","MUN",2,,1.4,,1,,.7,
393,"MUNSTER","MUN",1.5,1.5,1.25,1.25,.8,.8,.8,.8
394,"STEINFURT","MUN",1.75,1.48,1.25,1.18,1.05,.98,.85,.78
395,"KOESFELD","MUN",1.5,1.5,1,1,.9,.9,.7,.7
396,"AHAUS","MUN",1.6,1.52,1.18,1.16,1.03,.94,.78,.74
397,"BORKEN","MUN",1.73,1.6,1.3,1.2,1.1,1,1,.9
398,"RECKLINGHAUSEN","MUN",2.05,1.86,1.43,1.34,1.13,1.08,.88,.76
399,"MINDEN","MIN",1.85,1.56,1.22,1.04,.97,.9,.82,.78
400,"LUBBECKE","MIN",1.5,1.44,1,1.04,1,1.03,.7,.8
401,"HERFORD","MIN",1.68,1.57,1.22,1.14,.85,.77,.78,.7
402,"HALLE","MIN",1.45,1.31,1.1,1.05,.86,.81,.75,.63
403,"BIELEFELD","MIN",2,,1.5,,1.2,,.9,
404,"BIELEFELD","MIN",,1.8,,1.3,,1,,.8
405,"WIEDENBRUCK","MIN",1.76,1.7,1.33,1.3,.98,.98,.84,.83
406,"PADERBORN","MIN",1.65,1.5,1.05,1.1,.9,1,.63,.75
407,"BUREN","MIN",1.5,1.5,1,1,1,1,.8,.8
408,"WARBURG","MIN",1.5,1.5,1,1,1,1,.75,.75
409,"HOXTER","MIN",1.53,1.51,1.09,1.04,.94,.86,.73,.71
410,"ARNSBERG","ARN",1.8,1.8,1.2,1.2,.9,.9,.7,.7
411,"MESCHEDE","ARN",1.8,1.8,1.2,1.2,1,1,.7,.7
412,"BRILON","ARN",1.5,1.5,1,1,.8,.8,.6,.6
413,"LIPPSTADT","ARN",1.6,1.5,1,1,.8,.8,.6,.6
414,"SOEST","ARN",1.6,1.6,1.2,1.2,1,1,.9,.9
415,"HAMM","ARN",1.92,1.85,1.27,1.2,1.07,1,.8,.8
416,"DORTMUND","ARN",2,,1.4,,1.2,,.8,
417,"DORTMUND","ARN",2,2,1.2,1.2,1,1,.8,.8
418,"HORDE","ARN",2.17,2.5,1.3,1.5,1.07,1.2,.8,.8
419,"BOCHUM","ARN",2.2,,1.5,,1.1,,.9,
420,"BOCHUM","ARN",2.2,2.2,1.5,1.5,1.1,1.1,.9,.9
421,"GELSENKIRCHEN","ARN",2.4,2.2,1.55,1.5,1.24,1.1,1,.9
422,"HATTINGEN","ARN",2.2,2.2,1.5,1.5,1.1,1.1,.9,.9
423,"HAGEN","ARN",2.3,,1.4,,1.2,,1,
424,"HAGEN","ARN",2.5,2.5,1.4,1.4,1.2,1.2,1,1
425,"SCHWELM","ARN",2.5,2.19,1.4,1.4,1.2,1.2,1,1
426,"ISERLOHN","ARN",2.07,1.84,1.32,1.23,1.15,.91,.83,.73
427,"ALTENA","ARN",2.28,2.2,1.5,1.5,1.28,1.2,1,1
428,"OLPE","ARN",2,2,1.5,1.5,1.2,1.2,1,1
429,"SIEGEN","ARN",2.1,2.1,1.3,1.3,1.2,1.2,.8,.8
430,"WITTGENSTEIN","ARN",1.8,1.8,1.2,1.2,1.2,1.2,.9,.9
431,"KASSEL","KAS",2.17,,1.33,,1.17,,1,
432,"KASSEL","KAS",,1.7,,1.18,,1.01,,.84
433,"ESCHWEGE","KAS",1.5,1.5,1.17,1.17,1,1,.83,.83
434,"FRITZLAR","KAS",1.5,1.5,1.17,1.17,1,1,.83,.83
435,"HOFGEISMAR","KAS",1.5,1.5,1.17,1.17,1,1,.83,.83
436,"HOMBERG","KAS",1.5,1.5,1.17,1.17,1,1,.83,.83
437,"MELSUNGEN","KAS",1.5,1.5,1.17,1.17,1,1,.83,.83
438,"ROTENBURG","KAS",1.5,1.5,1.17,1.17,1,1,.83,.83
439,"WITZENHAUSEN","KAS",1.5,1.5,1.17,1.17,1,1,.83,.83
440,"WOLFHAGEN","KAS",1.5,1.5,1.17,1.17,1,1,.83,.83
441,"MARBURG","KAS",1.75,1.67,1.25,1.17,1.08,1,.92,.83
442,"FRANKENBERG","KAS",1.5,1.5,1.17,1.17,1,1,.83,.83
443,"KIRCHHAIN","KAS",1.5,1.5,1.17,1.17,1,1,.83,.83
444,"ZIEGENHAIN","KAS",1.5,1.5,1.17,1.17,1,1,.83,.83
445,"FULDA","KAS",1.83,1.67,1.33,1.17,1.17,1,1,.83
446,"HERSFELD","KAS",1.5,1.5,1.17,1.17,1,1,.83,.83
447,"HUNFELD","KAS",1.5,1.5,1.17,1.17,1,1,.83,.83
448,"HANAU","KAS",2.17,,1.33,,1.17,,1,
449,"HANAU","KAS",1.67,1.75,1.17,1.21,1,1.04,.83,.87
450,"GELNHAUSEN","KAS",1.5,1.5,1.17,1.17,1,1,.83,.83
451,"SCHLUCHTERN","KAS",1.5,1.5,1.17,1.17,1,1,.83,.83
452,"SCHMALKALDEN","KAS",1.67,1.67,1.17,1.17,1,1,.83,.83
453,"RINTELN","KAS",1.67,1.67,1.17,1.17,1,1,.83,.83
454,"GERSFELD","KAS",1.5,1.5,1.17,1.17,1,1,.83,.83
455,"BIEDENKOPF","WIE",1.8,1.8,1.2,1.2,1,1,.8,.8
456,"DILLKREIS","WIE",1.8,1.8,1.2,1.2,1,1,.8,.8
457,"OBERWESTERWALDKREIS","WIE",1.8,1.8,1.2,1.2,1,1,.8,.8
458,"WESTERBURG","WIE",1.8,1.8,1.2,1.2,1,1,.8,.8
459,"UNTERWESTERWALDKREIS","WIE",1.8,1.8,1.2,1.2,1,1,.8,.8
460,"OBERLAHNKREIS","WIE",1.8,1.8,1.2,1.2,1,1,.8,.8
461,"LIMBURG","WIE",1.8,1.8,1.2,1.2,1,1,.8,.8
462,"UNTERLAHNKREIS","WIE",1.8,1.8,1.2,1.2,1,1,.8,.8
463,"SANKT GOARSHAUSEN","WIE",2,2,1.2,1.2,1.2,1.2,1,1
464,"RHEINGAUKREIS","WIE",2,2,1.2,1.2,1.2,1.2,1,1
465,"WIESBADEN","WIE",2.2,,1.4,,1.2,,1,
466,"WIESBADEN","WIE",2.2,2.2,1.4,1.4,1.2,1.2,1,1
467,"UNTERTAUNUSKREIS","WIE",2,2,1.2,1.2,1.2,1.2,1,1
468,"USINGEN","WIE",2,2,1.2,1.2,1.2,1.2,1,1
469,"OBERTAUNUSKREIS","WIE",2,2,1.2,1.2,1.2,1.2,1,1
470,"HOCHST","WIE",2,2,1.2,1.2,1.2,1.2,1,1
471,"FRANKFURT","WIE",2.5,,1.8,,1.4,,1,
472,"FRANKFURT","WIE",2.5,2.5,1.8,1.8,1.4,1.4,1,1
473,"KOBLENZ","KOB",2,,1.3,,1,,.6,
474,"KOBLENZ","KOB",1.8,1.8,1.1,1.1,1,1,.7,.7
475,"SANKT GOAR","KOB",1.8,1.63,1.2,1.14,1,1,.7,.7
476,"KREUZNACH","KOB",1.63,1.5,1.06,1,.93,.9,.71,.7
477,"SIMMERN","KOB",1.5,1.5,1.2,1.2,.8,.8,.7,.7
478,"ZELL","KOB",1.7,1.6,1.2,1.15,1.1,1,.8,.75
479,"KOCHEM","KOB",1.8,1.69,1.2,1.14,.9,.84,.6,.57
480,"MAYEN","KOB",2,1.75,1.4,1.18,.9,.8,.7,.62
481,"ADENAU","KOB",,1.3,,1,,.8,,.6
482,"AHRWEILER","KOB",1.5,1.59,1.2,1.2,1,1,.8,.8
483,"NEUWIED","KOB",2,1.9,1.2,1.1,.8,.8,.6,.6
484,"ALTENKIRCHEN","KOB",,1.94,,1.22,,1.12,,.97
485,"WETZLAR","KOB",2,1.56,1.2,1.03,1.25,1.04,.85,.64
486,"MEISENHEIM","KOB",,1.43,,1.1,,1,,.9
487,"KLEVE","DUS",1.6,1.4,1,.9,.7,.7,.6,.6
488,"REES","DUS",1.7,1.54,1.2,1.11,.9,.82,.75,.71
489,"KREFELD","DUS",2.4,,1.5,,1.2,,1,
490,"KREFELD","DUS",1.8,1.8,1.2,1.2,1,1,.8,.8
491,"DUISBURG","DUS",2.4,,1.5,,1.2,,.8,
492,"MULHEIM","DUS",2.45,2.25,1.5,1.55,1.1,1.05,.9,.85
493,"RUHRORT","DUS",2.33,2.29,1.47,1.46,1,1,.8,.8
494,"ESSEN","DUS",2.4,,1.5,,1.2,,.8,
495,"ESSEN","DUS",2.2,2.2,1.5,1.5,1,1,.8,.8
496,"MORS","DUS",1.85,1.89,1.28,1.31,.93,.94,.75,.74
497,"GELDERN","DUS",1.7,1.7,1.2,1.2,.8,.8,.7,.7
498,"KEMPEN","DUS",1.8,1.8,1.2,1.2,.8,.8,.7,.7
499,"DUSSELDORF","DUS",2.4,,1.5,,1.2,,.8,
500,"DUSSELDORF","DUS",2.2,2.2,1.5,1.5,1.1,1.1,.8,.8
501,"ELBERFELD","DUS",2.4,,1.5,,1,,.8,
502,"BARMEN","DUS",2.4,,1.5,,1,,.8,
503,"METTMANN","DUS",2,2,1.5,1.5,1,1,.84,.8
504,"REMSCHEID","DUS",2.2,,1.5,,1,,.8,
505,"LENNEP","DUS",2.4,2.4,1.8,1.8,1.3,1.3,1.1,1.1
506,"SOLINGEN","DUS",2.2,2,1.45,1.4,1.15,1.1,1,1
507,"NEUSS","DUS",2,1.81,1.4,1.21,1,1,.8,.8
508,"GREVENBROICH","DUS",1.8,1.81,1.4,1.4,1,1,.8,.8
509,"MUNCHEN GLADBACH","DUS",2.2,,1.7,,1,,.8,
510,"GLADBACH","DUS",2,2,1.5,1.5,1,1,.8,.8
511,"WIPPERFURTH","KOL",2,1.6,1.5,1,1,.75,.8,.5
512,"WALDBROL","KOL",,2,,1.2,,1,,.7
513,"GUMMERSBACH","KOL",2,1.81,1.4,1.13,1,.9,.8,.69
514,"SIEGKREIS","KOL",2.07,1.84,1.13,1.17,.8,.92,.6,.67
515,"MULHEIM","KOL",2.15,1.88,1.35,1.19,1,1,.8,.8
516,"KOLN","KOL",2.5,,1.5,,1.5,,.8,
517,"KOLN","KOL",2.25,1.92,1.35,1.21,1.25,1.1,.9,.85
518,"BERGHEIM","KOL",,1.6,,1.2,,1,,.8
519,"EUSKIRCHEN","KOL",1.75,1.5,1.1,1,.8,.8,.6,.6
520,"RHEINBACH","KOL",1.7,1.7,1.1,1.1,.85,.85,.6,.6
521,"BONN","KOL",2.2,,1.5,,1.2,,1,
522,"BONN","KOL",,1.61,,1.2,,1,,.8
523,"DAUN","TRI",,1.6,,1.2,,1,,.8
524,"PRUM","TRI",1.6,1.6,1.2,1.2,1,1,.8,.8
525,"BITBURG","TRI",1.6,1.6,1.2,1.2,1,1,.8,.8
526,"WITTLICH","TRI",1.6,1.6,1.2,1.2,1,1,.8,.8
527,"BERNKASTEL","TRI",1.6,1.6,1.2,1.2,1.1,1.1,.8,.8
528,"TRIER","TRI",1.8,,1.2,,1.2,,.8,
529,"TRIER","TRI",,1.61,,1.11,,1.01,,.8
530,"SAARBURG","TRI",1.7,1.7,1.2,1.2,1.1,1.1,.8,.8
531,"MERZIG","TRI",1.8,1.8,1.2,1.2,1.1,1.1,.8,.8
532,"SAARLOUIS","TRI",2,1.88,1.2,1.2,1.1,1.04,.8,.8
533,"SAARBRUCKEN","TRI",2,2,1.2,1.2,1.1,1.1,.8,.8
534,"OTTWEILER","TRI",2,2,1.2,1.2,1.1,1.1,.8,.8
535,"SANKT WENDEL","TRI",1.8,1.77,1.1,1.1,1,1,.8,.8
536,"ERKELENZ","AAC",1.4,1.4,1,1,.8,.8,.6,.6
537,"HEINSBERG","AAC",1.4,1.4,1,1,.8,.8,.7,.7
538,"GEILENKIRCHEN","AAC",1.5,1.34,1.2,1.02,1,.86,.8,.78
539,"JULICH","AAC",1.8,1.6,1.3,1.1,1.1,.9,.9,.8
540,"DUREN","AAC",1.8,1.68,1.2,1.19,1.1,1.04,.9,.84
541,"AACHEN","AAC",2.1,,1.4,,1.1,,.8,
542,"AACHEN","AAC",2,2.01,1.2,1.22,1,1.01,.7,.71
543,"EUPEN","AAC",2,2,1.2,1.2,1,1,.75,.75
544,"MONTJOIE","AAC",1.6,1.6,1.1,1.1,.8,.8,.75,.75
545,"SCHLEIDEN","AAC",1.9,1.79,1.2,1.16,.95,.85,.75,.72
546,"MALMEDY","AAC",1.6,1.57,1.1,1.14,.9,.89,.78,.78
547,"SIGMARINGEN","SIG",1.9,1.5,1.2,1,1.1,.8,.8,.6
548,"GAMMERTINGEN","SIG",,1.5,,1,,.8,,.6
549,"HECHINGEN","SIG",2,1.5,1.4,1,1,.8,.8,.6
550,"HAIGERLOCH","SIG",,1.5,,1,,.8,,.6
